submission_id,problem_id,user_id,date,language,original_language,filename_ext,status,cpu_time,memory,code_size,accuracy
s883055595,p02400,u917722865,1530788372,Python,Python3,py,Runtime Error,0,0,255,0/5
s652615216,p02400,u973203074,1535273850,Python,Python3,py,Accepted,20,5636,72,5/5
s801205374,p02400,u992449685,1535291642,Python,Python3,py,Runtime Error,0,0,93,0/5
s560698789,p02400,u281808376,1540294996,Python,Python3,py,Runtime Error,0,0,79,0/5
s166964852,p02400,u281808376,1540295731,Python,Python3,py,Runtime Error,0,0,137,0/5
s022346587,p02400,u281808376,1540297051,Python,Python3,py,Wrong Answer,20,5640,129,0/5
s780245795,p02400,u075006557,1540456899,Python,Python3,py,Runtime Error,0,0,70,0/5
s495866613,p02400,u498462680,1546258160,Python,Python3,py,Wrong Answer,20,5576,95,0/5
s043465457,p02400,u733357255,1551508335,Python,Python3,py,Runtime Error,0,0,62,0/5
s580771518,p02400,u175224634,1551538000,Python,Python3,py,Runtime Error,0,0,101,0/5
s552212648,p02400,u984892564,1551543730,Python,Python3,py,Runtime Error,0,0,83,0/5
s634781279,p02400,u967268722,1555776452,Python,Python3,py,Runtime Error,0,0,74,0/5
s309897974,p02400,u605451279,1555936119,Python,Python3,py,Accepted,20,5636,116,5/5
s796859054,p02400,u521569208,1556236281,Python,Python3,py,Accepted,20,5644,125,5/5
s872932669,p02400,u344890307,1556518498,Python,Python3,py,Runtime Error,0,0,86,0/5
s782126498,p02400,u500935997,1558933432,Python,Python3,py,Accepted,20,5636,89,5/5
s118545490,p02400,u477464845,1559094049,Python,Python3,py,Wrong Answer,20,5572,59,0/5
s103864025,p02400,u015712946,1559525086,Python,Python3,py,Accepted,20,5644,155,5/5
s672571695,p02400,u596870465,1559539245,Python,Python3,py,Wrong Answer,20,5628,79,0/5
s952830326,p02400,u465531608,1411985339,Python,Python,py,Accepted,20,4360,112,5/5
s465069701,p02400,u607831289,1415987998,Python,Python,py,Accepted,20,4352,84,5/5
s153925429,p02400,u828455902,1420188625,Python,Python,py,Wrong Answer,20,4216,39,0/5
s552803636,p02400,u828455902,1420189549,Python,Python,py,Accepted,20,4220,52,5/5
s955509113,p02400,u067975558,1422411853,Python,Python3,py,Runtime Error,0,0,91,0/5
s156802296,p02400,u823030818,1422412188,Python,Python3,py,Runtime Error,0,0,91,0/5
s000327712,p02400,u527848444,1422843993,Python,Python3,py,Wrong Answer,30,6808,81,0/5
s172424894,p02400,u744114948,1423743851,Python,Python3,py,Runtime Error,0,0,78,0/5
s366623330,p02400,u447630054,1424771618,Python,Python3,py,Accepted,30,6812,77,5/5
s847200036,p02400,u172616925,1435323801,Python,Python,py,Accepted,20,4336,96,5/5
s369260500,p02400,u381433575,1438242314,Python,Python,py,Wrong Answer,30,7488,152,3/5
s152268303,p02400,u152353734,1439834340,Python,Python3,py,Runtime Error,0,0,84,0/5
s912722663,p02400,u978086225,1439860259,Python,Python3,py,Accepted,20,7484,98,5/5
s025030420,p02400,u686134343,1440644296,Python,Python3,py,Accepted,20,7568,118,5/5
s678642776,p02400,u512342660,1444918890,Python,Python,py,Wrong Answer,10,6432,88,0/5
s698348727,p02400,u885467869,1453257904,Python,Python,py,Accepted,10,6392,78,5/5
s345278611,p02400,u724923896,1453305020,Python,Python,py,Runtime Error,0,0,75,0/5
s698753960,p02400,u078762447,1453374168,Python,Python,py,Runtime Error,0,0,81,0/5
s308027870,p02400,u828153094,1453399467,Python,Python,py,Wrong Answer,10,6408,82,3/5
s230480417,p02400,u619765879,1453441381,Python,Python,py,Runtime Error,0,0,75,0/5
s695621184,p02400,u619765879,1453446797,Python,Python,py,Wrong Answer,10,6468,65,0/5
s131899542,p02400,u619765879,1453446832,Python,Python,py,Runtime Error,0,0,73,0/5
s321755045,p02400,u020577611,1453547582,Python,Python,py,Runtime Error,0,0,85,0/5
s696469313,p02400,u682357930,1454420020,Python,Python,py,Wrong Answer,10,6484,73,3/5
s630696572,p02400,u682357930,1454420221,Python,Python,py,Runtime Error,0,0,91,0/5
s617013490,p02400,u682357930,1454466527,Python,Python3,py,Accepted,40,7544,82,5/5
s015227537,p02400,u436807165,1455150372,Python,Python,py,Wrong Answer,10,6448,61,3/5
s371635768,p02400,u994049982,1458664742,Python,Python,py,Wrong Answer,10,6352,101,0/5
s650342507,p02400,u869301406,1459153215,Python,Python,py,Accepted,10,6476,83,5/5
s057180612,p02400,u237991875,1459333727,Python,Python,py,Wrong Answer,10,6400,93,0/5
s692249437,p02400,u791170614,1461526377,Python,Python3,py,Runtime Error,0,0,109,0/5
s324949324,p02400,u791170614,1461530033,Python,Python,py,Accepted,10,6468,100,5/5
s197544535,p02400,u617990214,1462015200,Python,Python,py,Wrong Answer,10,6468,101,3/5
s256596161,p02400,u074121480,1462685689,Python,Python3,py,Runtime Error,0,0,97,0/5
s057790145,p02400,u196669489,1463972993,Python,Python,py,Accepted,10,6448,75,5/5
s099503088,p02400,u203261375,1466221122,Python,Python3,py,Accepted,20,7556,63,5/5
s849880720,p02400,u204883389,1469599705,Python,Python3,py,Runtime Error,0,0,163,0/5
s022870913,p02400,u644636020,1469600612,Python,Python3,py,Runtime Error,0,0,110,0/5
s484235129,p02400,u085472528,1469600632,Python,Python3,py,Accepted,50,7516,109,5/5
s086243404,p02400,u628732336,1469600689,Python,Python3,py,Accepted,30,7424,110,5/5
s090957938,p02400,u131984977,1469600708,Python,Python3,py,Accepted,30,7484,110,5/5
s176836252,p02400,u998435601,1470857915,Python,Python,py,Wrong Answer,10,6268,65,0/5
s107292179,p02400,u897625120,1472649572,Python,Python,py,Wrong Answer,10,6404,140,3/5
s852145950,p02400,u897625120,1472650572,Python,Python,py,Accepted,20,6392,166,5/5
s287182262,p02400,u494314211,1475351248,Python,Python3,py,Accepted,20,7468,95,5/5
s435174028,p02400,u684306364,1475655408,Python,Python3,py,Runtime Error,0,0,120,0/5
s507005798,p02400,u801346721,1476702279,Python,Python3,py,Runtime Error,0,0,98,0/5
s806057689,p02400,u831244171,1477494900,Python,Python,py,Wrong Answer,10,6368,86,0/5
s650834988,p02400,u236295012,1477697556,Python,Python3,py,Runtime Error,0,0,80,0/5
s155060897,p02400,u941509088,1478182695,Python,Python3,py,Runtime Error,0,0,71,0/5
s467393558,p02400,u941509088,1478183150,Python,Python3,py,Accepted,20,7496,101,5/5
s199466329,p02400,u635647915,1478907238,Python,Python3,py,Accepted,20,7544,94,5/5
s469792204,p02400,u086566114,1479306719,Python,Python,py,Runtime Error,0,0,130,0/5
s424444442,p02400,u811733736,1480345439,Python,Python3,py,Runtime Error,0,0,189,0/5
s063605940,p02400,u250482563,1480567264,Python,Python3,py,Runtime Error,0,0,80,0/5
s138946916,p02400,u923668099,1481766054,Python,Python3,py,Runtime Error,0,0,133,0/5
s744912761,p02400,u156024720,1482654794,Python,Python3,py,Runtime Error,0,0,186,0/5
s657439709,p02400,u656153606,1484365377,Python,Python3,py,Accepted,20,7400,119,5/5
s861807505,p02400,u104171359,1486103527,Python,Python3,py,Runtime Error,0,0,360,0/5
s435025769,p02400,u639421643,1488266808,Python,Python3,py,Runtime Error,0,0,99,0/5
s599996273,p02400,u782850499,1488866535,Python,Python3,py,Accepted,20,7384,81,5/5
s627831056,p02400,u022954704,1490074508,Python,Python3,py,Runtime Error,0,0,151,0/5
s905085038,p02400,u327125861,1490117413,Python,Python3,py,Accepted,20,7468,128,5/5
s970090938,p02400,u286589639,1492500867,Python,Python3,py,Runtime Error,0,0,79,0/5
s077724660,p02400,u408260374,1492855033,Python,Python3,py,Runtime Error,0,0,94,0/5
s063165474,p02400,u156215655,1494039695,Python,Python3,py,Runtime Error,0,0,41,0/5
s266405668,p02400,u156215655,1494039815,Python,Python3,py,Runtime Error,0,0,69,0/5
s998794319,p02400,u362104929,1494862918,Python,Python3,py,Runtime Error,0,0,98,0/5
s440748752,p02400,u362104929,1494863251,Python,Python3,py,Accepted,20,7436,100,5/5
s379543167,p02400,u238667145,1497683539,Python,Python3,py,Accepted,20,7520,90,5/5
s264546367,p02400,u698693989,1498111110,Python,Python3,py,Accepted,20,7468,145,5/5
s704172194,p02400,u354053070,1498284884,Python,Python3,py,Runtime Error,0,0,114,0/5
s647587573,p02400,u447009770,1500523900,Python,Python3,py,Accepted,30,7516,103,5/5
s797580966,p02400,u888737393,1500711728,Python,Python3,py,Accepted,30,7456,97,5/5
s765883098,p02400,u467070262,1501602205,Python,Python3,py,Wrong Answer,20,7384,74,3/5
s072203403,p02400,u214404619,1502897248,Python,Python3,py,Wrong Answer,20,7348,90,0/5
s704138743,p02400,u088372268,1505611176,Python,Python3,py,Accepted,40,7568,61,5/5
s038920993,p02400,u186282999,1506134020,Python,Python3,py,Runtime Error,0,0,111,0/5
s127782265,p02400,u825994660,1508166373,Python,Python3,py,Runtime Error,0,0,95,0/5
s803666741,p02400,u825994660,1508245990,Python,Python3,py,Runtime Error,0,0,93,0/5
s421590849,p02400,u043968625,1509282065,Python,Python3,py,Accepted,50,7520,159,5/5
s459297889,p02400,u747709646,1510356700,Python,Python3,py,Runtime Error,0,0,87,0/5
s568946030,p02400,u566872786,1511155099,Python,Python,py,Wrong Answer,10,6480,71,0/5
s673987175,p02400,u539789745,1512223558,Python,Python3,py,Wrong Answer,20,5628,131,0/5
s941277658,p02400,u369093003,1512800454,Python,Python3,py,Runtime Error,0,0,50,0/5
s095286874,p02400,u369093003,1512800601,Python,Python,py,Runtime Error,0,0,54,0/5
s719458036,p02400,u506705885,1514000858,Python,Python3,py,Accepted,20,5632,97,5/5
s140468716,p02400,u365686736,1514730604,Python,Python3,py,Accepted,20,5624,58,5/5
s582073993,p02400,u365686736,1514731215,Python,Python3,py,Accepted,20,5564,52,5/5
s459302818,p02400,u546968095,1516782048,Python,Python3,py,Accepted,20,5636,146,5/5
s910888560,p02400,u536089081,1517525153,Python,Python3,py,Accepted,20,5628,82,5/5
s675365278,p02400,u780025254,1517811833,Python,Python3,py,Accepted,20,5576,96,5/5
s976866497,p02400,u444576298,1518011339,Python,Python3,py,Runtime Error,0,0,103,0/5
s010453070,p02400,u442426662,1518111315,Python,Python3,py,Accepted,20,5576,108,5/5
s245443535,p02400,u002193969,1522529088,Python,Python3,py,Runtime Error,0,0,76,0/5
s325142077,p02400,u621084859,1522629787,Python,Python3,py,Wrong Answer,20,5568,50,3/5
s941266326,p02400,u244493040,1523638201,Python,Python3,py,Wrong Answer,20,5548,12,0/5
s165045351,p02400,u244493040,1523638434,Python,Python3,py,Accepted,20,5640,61,5/5
s802409478,p02400,u843169619,1523881479,Python,Python3,py,Runtime Error,0,0,121,0/5
s321823443,p02400,u843169619,1523882081,Python,Python3,py,Runtime Error,0,0,124,0/5
s666986611,p02400,u648117624,1524394021,Python,Python3,py,Runtime Error,0,0,82,0/5
s949571713,p02400,u485986915,1524460783,Python,Python3,py,Wrong Answer,20,5632,89,0/5
s527003839,p02400,u269391636,1524490082,Python,Python3,py,Runtime Error,0,0,64,0/5
s699617527,p02400,u908651435,1524761392,Python,Python3,py,Runtime Error,0,0,76,0/5
s270581277,p02400,u023471147,1525019972,Python,Python3,py,Accepted,20,5632,88,5/5
s670038725,p02400,u781194524,1525244092,Python,Python3,py,Wrong Answer,20,5620,87,0/5
s011511883,p02400,u781194524,1525244405,Python,Python3,py,Accepted,20,5628,99,5/5
s007048638,p02400,u800997102,1525862627,Python,Python3,py,Accepted,30,5624,61,5/5
s316104124,p02400,u406434162,1526740799,Python,Python3,py,Runtime Error,0,0,124,0/5
s485177629,p02400,u002280517,1527039349,Python,Python3,py,Wrong Answer,20,5632,88,0/5
s548653290,p02400,u279483260,1528439914,Python,Python3,py,Accepted,20,5620,164,5/5
s680756884,p02400,u922112509,1529117077,Python,Python3,py,Runtime Error,0,0,172,0/5
s501232072,p02400,u413456759,1366466345,Python,Python,py,Wrong Answer,20,4392,191,3/5
s240732272,p02400,u193025715,1394677994,Python,Python,py,Runtime Error,0,0,161,0/5
s113997933,p02400,u971748390,1398662290,Python,Python,py,Accepted,20,4356,111,5/5
s387484924,p02400,u255211353,1595950840,Python,Python3,py,Accepted,20,5624,80,5/5
s996380362,p02400,u743876353,1595810782,Python,Python3,py,Accepted,20,5652,81,5/5
s083148962,p02400,u459368238,1595470204,Python,Python3,py,Accepted,20,5624,71,5/5
s464462965,p02400,u968867040,1595324171,Python,Python3,py,Accepted,20,5628,83,5/5
s475143350,p02400,u537939262,1594086062,Python,Python3,py,Accepted,30,5636,97,5/5
s366112731,p02400,u185139428,1593427310,Python,Python3,py,Accepted,20,5632,89,5/5
s539479037,p02400,u061776860,1593052627,Python,Python3,py,Accepted,20,5564,88,5/5
s660685387,p02400,u363460225,1592809383,Python,Python3,py,Accepted,20,5636,114,5/5
s817576991,p02400,u817076074,1592393881,Python,Python3,py,Accepted,20,5628,71,5/5
s033823428,p02400,u328761642,1592360236,Python,Python3,py,Accepted,20,5628,63,5/5
s010537091,p02400,u019195042,1592123640,Python,Python3,py,Accepted,20,5644,102,5/5
s555778200,p02400,u387559720,1591969592,Python,Python3,py,Accepted,20,5640,87,5/5
s103710018,p02400,u170254504,1591846067,Python,Python3,py,Accepted,20,5568,89,5/5
s729392859,p02400,u687088962,1591248560,Python,Python3,py,Accepted,20,5640,172,5/5
s852776358,p02400,u549983730,1590928165,Python,Python3,py,Accepted,20,5652,200,5/5
s327635141,p02400,u790158528,1590911484,Python,Python3,py,Accepted,20,5632,65,5/5
s454727097,p02400,u118506623,1590807954,Python,Python3,py,Accepted,20,5636,90,5/5
s105869326,p02400,u329155726,1590456556,Python,Python3,py,Accepted,20,5640,101,5/5
s573982070,p02400,u457539618,1590454321,Python,Python3,py,Accepted,20,5632,94,5/5
s123997199,p02400,u529477970,1590419200,Python,Python3,py,Accepted,20,5588,75,5/5
s536945429,p02400,u365193123,1590412028,Python,Python3,py,Accepted,20,5648,112,5/5
s645469197,p02400,u755480664,1590386669,Python,Python3,py,Accepted,20,5648,85,5/5
s355448596,p02400,u635020217,1590386164,Python,Python3,py,Accepted,20,5640,149,5/5
s595048546,p02400,u056263240,1590383281,Python,Python3,py,Accepted,20,5632,156,5/5
s422305930,p02400,u497248335,1589876263,Python,Python3,py,Accepted,20,5632,156,5/5
s952327389,p02400,u221550784,1589852317,Python,Python3,py,Accepted,20,5644,83,5/5
s861178493,p02400,u352861766,1589192323,Python,Python3,py,Accepted,20,5636,71,5/5
s782044325,p02400,u279955105,1589038683,Python,Python3,py,Accepted,20,5576,145,5/5
s693309861,p02400,u512192552,1589003866,Python,Python3,py,Accepted,20,5660,121,5/5
s093339182,p02400,u753534330,1588953949,Python,Python3,py,Accepted,20,5572,88,5/5
s258544389,p02400,u771123742,1588431349,Python,Python3,py,Accepted,20,5648,97,5/5
s388919951,p02400,u364846602,1588420468,Python,Python3,py,Accepted,20,5636,101,5/5
s583561867,p02400,u517305250,1588226303,Python,Python3,py,Accepted,20,5644,177,5/5
s427967864,p02400,u374434600,1586523747,Python,Python,py,Accepted,10,4672,124,5/5
s982547440,p02400,u716254110,1586252922,Python,Python3,py,Accepted,20,5568,84,5/5
s281396623,p02400,u427773997,1585569446,Python,Python3,py,Accepted,20,5568,75,5/5
s640395474,p02400,u087809545,1585473096,Python,Python3,py,Accepted,20,5640,77,5/5
s416062637,p02400,u369226825,1584714240,Python,Python3,py,Accepted,20,5624,81,5/5
s023236758,p02400,u386372137,1584450206,Python,Python3,py,Accepted,20,5580,84,5/5
s231782812,p02400,u957585260,1584356757,Python,Python3,py,Accepted,20,5636,122,5/5
s640014541,p02400,u115215670,1584172017,Python,Python3,py,Accepted,20,5628,101,5/5
s874002185,p02400,u720435112,1583845669,Python,Python3,py,Accepted,20,5564,89,5/5
s716388966,p02400,u388512712,1583554977,Python,Python3,py,Accepted,20,5636,92,5/5
s897783743,p02400,u590279038,1583323493,Python,Python3,py,Accepted,20,5564,108,5/5
s501332960,p02400,u754370124,1582735775,Python,Python3,py,Accepted,20,5568,88,5/5
s018814395,p02400,u463422774,1582369244,Python,Python3,py,Accepted,20,5560,84,5/5
s688723549,p02400,u873148330,1582135072,Python,Python3,py,Accepted,20,5636,111,5/5
s543994012,p02400,u432267158,1580201999,Python,Python3,py,Accepted,20,5636,65,5/5
s914728787,p02400,u185720046,1577591140,Python,Python3,py,Accepted,20,5632,89,5/5
s240094758,p02400,u634457257,1577543959,Python,Python3,py,Accepted,20,5648,127,5/5
s034295182,p02400,u513597692,1572341845,Python,Python3,py,Accepted,20,5572,100,5/5
s105461906,p02400,u054240160,1569637778,Python,Python3,py,Accepted,20,5644,105,5/5
s880130048,p02400,u283738087,1568476275,Python,Python3,py,Accepted,20,5632,104,5/5
s468880172,p02400,u560956398,1563757959,Python,Python3,py,Accepted,20,5584,123,5/5
s709496684,p02400,u407820132,1562839657,Python,Python3,py,Accepted,20,5588,102,5/5
s358441981,p02400,u816538599,1558328234,Python,Python3,py,Accepted,20,5564,77,5/5
s651942422,p02400,u013648252,1557726403,Python,Python3,py,Accepted,20,5572,112,5/5
s615165211,p02400,u064125291,1557724669,Python,Python3,py,Accepted,20,5568,79,5/5
s268488043,p02400,u756322463,1554943136,Python,Python3,py,Accepted,20,5628,83,5/5
s463392435,p02400,u052649672,1554637628,Python,Python3,py,Accepted,20,5568,90,5/5
s298900738,p02400,u387603681,1554168338,Python,Python3,py,Accepted,20,5648,79,5/5
s047276092,p02400,u622238957,1551166405,Python,Python3,py,Accepted,20,5632,83,5/5
s173245859,p02400,u764140934,1544455744,Python,Python3,py,Accepted,20,5632,84,5/5
s180584069,p02400,u221424603,1542213830,Python,Python3,py,Accepted,20,5640,87,5/5
s282038426,p02400,u493972066,1534165568,Python,Python3,py,Accepted,20,5572,97,5/5
s725908740,p02400,u441569493,1534152789,Python,Python3,py,Accepted,20,5640,99,5/5
s227987686,p02400,u564373483,1531193240,C,C,c,Accepted,0,2036,143,5/5
s164931709,p02400,u679086106,1531703875,C,C,c,Wrong Answer,0,2032,129,0/5
s214389575,p02400,u158367088,1531886339,C,C,c,Compile Error,0,0,172,0/5
s798579421,p02400,u158367088,1531886464,C,C,c,Wrong Answer,0,2104,174,0/5
s539598577,p02400,u617613474,1531993145,C,C,c,Wrong Answer,0,2056,139,3/5
s090438569,p02400,u242499872,1532070112,C,C,c,Accepted,0,2052,154,5/5
s239252847,p02400,u081512179,1535209881,C,C,c,Accepted,0,2060,133,5/5
s392780989,p02400,u925178424,1540773896,C,C,c,Wrong Answer,0,2076,166,0/5
s345908690,p02400,u442163409,1555768677,C,C,c,Compile Error,0,0,208,0/5
s241748006,p02400,u442163409,1555768852,C,C,c,Compile Error,0,0,210,0/5
s732135949,p02400,u857051250,1404997371,C,C,c,Compile Error,0,0,129,0/5
s467703872,p02400,u272156029,1406895731,C,C,c,Wrong Answer,0,648,146,0/5
s638054039,p02400,u951106504,1409821097,C,C,c,Wrong Answer,0,648,151,3/5
s071801565,p02400,u388019234,1417069231,C,C,c,Wrong Answer,0,652,159,0/5
s328496020,p02400,u807503779,1418643889,C,C,c,Compile Error,0,0,160,0/5
s017410389,p02400,u842449982,1420111320,C,C,c,Wrong Answer,0,632,146,0/5
s566997021,p02400,u604774382,1423567962,C,C,c,Wrong Answer,0,628,139,0/5
s479038438,p02400,u087732536,1429237426,C,C,c,Wrong Answer,0,652,149,3/5
s073735432,p02400,u751176970,1429341991,C,C,c,Compile Error,870,0,158,0/5
s524463151,p02400,u856445328,1429585695,C,C,c,Compile Error,0,0,165,0/5
s651403850,p02400,u700120734,1429686911,C,C,c,Wrong Answer,0,644,182,0/5
s936056349,p02400,u514153326,1429954111,C,C,c,Accepted,0,648,302,5/5
s759115943,p02400,u215503617,1430383760,C,C,c,Accepted,0,648,159,5/5
s672178747,p02400,u096341170,1430569223,C,C,c,Wrong Answer,0,648,185,0/5
s066345356,p02400,u932608950,1433331674,C,C,c,Wrong Answer,0,632,188,0/5
s939292761,p02400,u949338836,1434509423,C,C,c,Accepted,0,648,238,5/5
s293928687,p02400,u505888202,1436278153,C,C,c,Accepted,0,648,143,5/5
s788134947,p02400,u007749073,1443336887,C,C,c,Accepted,0,648,373,5/5
s889860929,p02400,u670231642,1444372110,C,C,c,Compile Error,0,0,118,0/5
s440360873,p02400,u893444729,1445586910,C,C,c,Wrong Answer,0,644,110,0/5
s703311998,p02400,u195082478,1445755464,C,C,c,Accepted,0,648,133,5/5
s251995214,p02400,u101081321,1446110080,C,C,c,Accepted,0,648,221,5/5
s952879384,p02400,u939814144,1446135003,C,C,c,Wrong Answer,0,628,147,0/5
s188501013,p02400,u440132616,1447638749,C,C,c,Compile Error,0,0,135,0/5
s972991336,p02400,u844063422,1449362995,C,C,c,Accepted,0,652,153,5/5
s449343006,p02400,u584919299,1449955671,C,C,c,Wrong Answer,0,640,169,0/5
s460901213,p02400,u906883944,1452583700,C,C,c,Wrong Answer,0,632,153,0/5
s400005268,p02400,u799680650,1453724189,C,C,c,Accepted,0,652,148,5/5
s306611965,p02400,u360015976,1457581268,C,C,c,Wrong Answer,0,652,166,0/5
s076927948,p02400,u792020381,1458306044,C,C,c,Wrong Answer,0,644,115,0/5
s592031142,p02400,u621404333,1460699764,C,C,c,Compile Error,0,0,125,0/5
s077394412,p02400,u439307430,1460902549,C,C,c,Wrong Answer,0,648,143,0/5
s301840621,p02400,u439307430,1460972952,C,C,c,Compile Error,0,0,150,0/5
s511290167,p02400,u740719330,1461116393,C,C,c,Compile Error,0,0,166,0/5
s735269096,p02400,u062527889,1461163107,C,C,c,Compile Error,0,0,199,0/5
s916091883,p02400,u066333891,1461223836,C,C,c,Compile Error,0,0,136,0/5
s027295929,p02400,u449429575,1461225415,C,C,c,Compile Error,0,0,145,0/5
s845380391,p02400,u524057419,1461226258,C,C,c,Accepted,0,648,189,5/5
s601428824,p02400,u153787858,1461291315,C,C,c,Wrong Answer,0,628,142,0/5
s718147725,p02400,u179941676,1461331603,C,C,c,Wrong Answer,0,540,132,0/5
s673073884,p02400,u179941676,1461331789,C,C,c,Wrong Answer,0,540,127,0/5
s144183679,p02400,u304701881,1461739267,C,C,c,Wrong Answer,0,648,144,0/5
s570005943,p02400,u003309334,1461933183,C,C,c,Accepted,0,648,160,5/5
s054238071,p02400,u270887963,1462115921,C,C,c,Accepted,0,648,169,5/5
s081091464,p02400,u013012107,1462202899,C,C,c,Wrong Answer,0,644,136,0/5
s910706200,p02400,u044950563,1462270923,C,C,c,Wrong Answer,0,648,213,0/5
s203128200,p02400,u580449007,1463186405,C,C,c,Wrong Answer,0,648,144,0/5
s089066331,p02400,u617046551,1463725426,C,C,c,Wrong Answer,0,628,174,0/5
s662050483,p02400,u617046551,1463725501,C,C,c,Wrong Answer,0,644,177,0/5
s827638466,p02400,u283624744,1464509319,C,C,c,Wrong Answer,0,648,153,0/5
s321830089,p02400,u403666937,1466011908,C,C,c,Wrong Answer,0,556,182,0/5
s336104637,p02400,u346502302,1466495455,C,C,c,Accepted,0,648,141,5/5
s685546494,p02400,u313564688,1467179835,C,C,c,Compile Error,100,0,143,0/5
s315335452,p02400,u287173176,1467557453,C,C,c,Accepted,0,648,181,5/5
s091653648,p02400,u588551436,1468024573,C,C,c,Wrong Answer,0,632,157,0/5
s145628063,p02400,u519994228,1468565647,C,C,c,Compile Error,0,0,218,0/5
s941895377,p02400,u914097127,1468894586,C,C,c,Accepted,0,648,179,5/5
s528020509,p02400,u688242368,1469802532,C,C,c,Accepted,0,648,147,5/5
s661957162,p02400,u253315440,1470369040,C,C,c,Wrong Answer,0,652,228,0/5
s229803425,p02400,u918247777,1470893362,C,C,c,Wrong Answer,0,648,189,3/5
s793639033,p02400,u648759734,1473923313,C,C,c,Wrong Answer,0,644,148,0/5
s877755018,p02400,u252415092,1473947116,C,C,c,Accepted,0,648,144,5/5
s433497158,p02400,u213783895,1474551592,C,C,c,Wrong Answer,0,648,353,3/5
s867733800,p02400,u682547662,1474798211,C,C,c,Wrong Answer,0,648,204,0/5
s496647145,p02400,u300299759,1476510302,C,C,c,Wrong Answer,0,628,116,0/5
s656758208,p02400,u728581736,1477622605,C,C,c,Accepted,0,652,154,5/5
s732159372,p02400,u691245340,1479126098,C,C,c,Runtime Error,0,552,158,0/5
s957474174,p02400,u691245340,1479126614,C,C,c,Runtime Error,0,552,162,0/5
s157840638,p02400,u066039378,1479126693,C,C,c,Wrong Answer,0,644,145,0/5
s341007824,p02400,u066039378,1479126741,C,C,c,Wrong Answer,0,648,145,0/5
s388535554,p02400,u271339772,1479199783,C,C,c,Wrong Answer,0,628,137,0/5
s797102167,p02400,u899287431,1479200458,C,C,c,Wrong Answer,0,648,130,0/5
s634793249,p02400,u168190469,1479367113,C,C,c,Accepted,0,648,149,5/5
s627275458,p02400,u471713541,1479367306,C,C,c,Wrong Answer,0,628,200,0/5
s943504428,p02400,u388360855,1479367842,C,C,c,Wrong Answer,0,648,115,0/5
s156510124,p02400,u171663686,1479368152,C,C,c,Accepted,0,648,146,5/5
s675850940,p02400,u201430402,1480248825,C,C,c,Wrong Answer,0,652,246,0/5
s963157299,p02400,u201430402,1480249413,C,C,c,Wrong Answer,0,652,262,0/5
s627535774,p02400,u508220591,1480833942,C,C,c,Wrong Answer,0,628,199,0/5
s382818583,p02400,u299903344,1481169377,C,C,c,Accepted,0,648,127,5/5
s635239656,p02400,u946994196,1481180437,C,C,c,Accepted,0,648,202,5/5
s581111269,p02400,u056492969,1481213311,C,C,c,Wrong Answer,0,648,126,3/5
s435890924,p02400,u015121732,1481266549,C,C,c,Wrong Answer,0,648,155,0/5
s141006092,p02400,u015121732,1481266763,C,C,c,Wrong Answer,0,628,177,0/5
s057427567,p02400,u475019485,1481294935,C,C,c,Accepted,0,648,136,5/5
s311413530,p02400,u737694231,1481299464,C,C,c,Wrong Answer,0,648,149,3/5
s674678696,p02400,u269299983,1481984672,C,C,c,Wrong Answer,0,652,171,0/5
s801144710,p02400,u492457940,1482414400,C,C,c,Wrong Answer,0,644,149,0/5
s436824455,p02400,u945713229,1482423997,C,C,c,Accepted,0,652,192,5/5
s465897815,p02400,u954258807,1483606236,C,C,c,Wrong Answer,0,648,148,0/5
s950858023,p02400,u451768946,1484707400,C,C,c,Wrong Answer,0,628,160,0/5
s064637099,p02400,u855243546,1491998978,C,C,c,Accepted,0,648,160,5/5
s120664036,p02400,u305951426,1492589321,C,C,c,Compile Error,0,0,159,0/5
s760722523,p02400,u366808968,1493188412,C,C,c,Wrong Answer,0,640,133,0/5
s777664577,p02400,u180183800,1493189892,C,C,c,Wrong Answer,0,644,174,0/5
s097499904,p02400,u180183800,1493190117,C,C,c,Wrong Answer,0,648,180,0/5
s417044303,p02400,u180183800,1493192903,C,C,c,Wrong Answer,0,648,156,0/5
s897424167,p02400,u595769952,1493692183,C,C,c,Wrong Answer,0,628,224,0/5
s497959440,p02400,u907590611,1493968802,C,C,c,Wrong Answer,0,648,175,3/5
s333912037,p02400,u271407534,1494373628,C,C,c,Accepted,0,648,238,5/5
s125713906,p02400,u271407534,1494374468,C,C,c,Accepted,0,648,238,5/5
s095676180,p02400,u669124541,1494378421,C,C,c,Compile Error,0,0,172,0/5
s965933256,p02400,u993045812,1494492091,C,C,c,Wrong Answer,0,644,137,0/5
s496800523,p02400,u728246856,1494747917,C,C,c,Wrong Answer,0,648,147,3/5
s329577201,p02400,u797618752,1495438595,C,C,c,Wrong Answer,0,644,126,0/5
s899545998,p02400,u309410141,1496212770,C,C,c,Accepted,0,648,154,5/5
s623658460,p02400,u562481490,1496212851,C,C,c,Accepted,0,648,186,5/5
s276711953,p02400,u126318340,1497919800,C,C,c,Wrong Answer,0,648,126,0/5
s577428638,p02400,u227363693,1497949643,C,C,c,Wrong Answer,0,648,139,3/5
s712275927,p02400,u580737984,1498030129,C,C,c,Wrong Answer,0,632,193,0/5
s678764208,p02400,u183183774,1498551075,C,C,c,Wrong Answer,0,628,127,0/5
s275189951,p02400,u558100079,1498726229,C,C,c,Wrong Answer,0,644,163,0/5
s145621255,p02400,u169109925,1499406605,C,C,c,Compile Error,0,0,188,0/5
s270982049,p02400,u169109925,1499406948,C,C,c,Wrong Answer,0,648,193,0/5
s280059291,p02400,u231994450,1499593024,C,C,c,Accepted,0,648,179,5/5
s695581476,p02400,u652972558,1499671271,C,C,c,Accepted,0,648,133,5/5
s691903413,p02400,u414785995,1499761878,C,C,c,Wrong Answer,0,632,168,0/5
s311608257,p02400,u984593832,1499847978,C,C,c,Accepted,0,648,197,5/5
s243717861,p02400,u314954937,1501590339,C,C,c,Wrong Answer,0,648,166,0/5
s036282876,p02400,u674604254,1501669669,C,C,c,Wrong Answer,0,624,122,0/5
s911788698,p02400,u899755487,1501723744,C,C,c,Accepted,0,648,552,5/5
s475806327,p02400,u887814595,1501900254,C,C,c,Wrong Answer,0,648,148,0/5
s976656852,p02400,u709451793,1502294131,C,C,c,Wrong Answer,0,644,155,0/5
s439898115,p02400,u312361847,1502859842,C,C,c,Wrong Answer,0,628,227,0/5
s744734071,p02400,u198366233,1503396984,C,C,c,Wrong Answer,0,652,147,0/5
s773860024,p02400,u189590483,1503535171,C,C,c,Wrong Answer,0,652,121,0/5
s537691927,p02400,u653442293,1503740219,C,C,c,Accepted,0,648,137,5/5
s365208789,p02400,u727775942,1507534780,C,C,c,Wrong Answer,0,1828,182,0/5
s570681414,p02400,u891523811,1508387734,C,C,c,Wrong Answer,0,1712,505,0/5
s938071665,p02400,u592360713,1511325170,C,C,c,Accepted,0,1812,186,5/5
s424654653,p02400,u372556247,1511325685,C,C,c,Wrong Answer,0,1740,144,0/5
s793830018,p02400,u532960088,1511425024,C,C,c,Wrong Answer,0,1736,180,0/5
s314349318,p02400,u209093366,1511449842,C,C,c,Compile Error,0,0,154,0/5
s485776888,p02400,u711577830,1511752328,C,C,c,Accepted,0,1796,167,5/5
s723665889,p02400,u360402760,1513086868,C,C,c,Accepted,0,1808,186,5/5
s105361779,p02400,u928135084,1513600642,C,C,c,Wrong Answer,0,1740,145,0/5
s933993533,p02400,u225502267,1518878102,C,C,c,Wrong Answer,0,1964,143,3/5
s057537034,p02400,u349226275,1521139999,C,C,c,Wrong Answer,0,2036,214,0/5
s403516865,p02400,u349226275,1521140013,C,C,c,Wrong Answer,0,2028,188,0/5
s642838513,p02400,u418806206,1523462054,C,C,c,Wrong Answer,0,1972,192,0/5
s644122000,p02400,u647441717,1523674600,C,C,c,Wrong Answer,0,2028,139,0/5
s843878705,p02400,u950429664,1523868494,C,C,c,Wrong Answer,0,2028,125,0/5
s132308480,p02400,u103301439,1525034969,C,C,c,Wrong Answer,0,2040,207,0/5
s388393783,p02400,u112765512,1525328303,C,C,c,Wrong Answer,0,1988,143,0/5
s754048542,p02400,u011621222,1525630629,C,C,c,Accepted,0,2044,197,5/5
s198587461,p02400,u570556771,1525676031,C,C,c,Compile Error,0,0,165,0/5
s941255610,p02400,u045215472,1525682147,C,C,c,Wrong Answer,0,2056,278,0/5
s081432224,p02400,u085441951,1525774240,C,C,c,Wrong Answer,0,2024,143,0/5
s690599809,p02400,u122455362,1525853538,C,C,c,Wrong Answer,0,2104,146,0/5
s024280744,p02400,u120055135,1526344709,C,C,c,Accepted,0,2104,180,5/5
s460201534,p02400,u814278309,1526345534,C,C,c,Compile Error,0,0,190,0/5
s290162232,p02400,u814278309,1526346163,C,C,c,Accepted,0,2032,168,5/5
s208544019,p02400,u376432033,1526907154,C,C,c,Wrong Answer,0,2048,185,3/5
s420337184,p02400,u625172425,1527307281,C,C,c,Wrong Answer,0,2096,153,3/5
s266859381,p02400,u974292487,1527482897,C,C,c,Accepted,0,2032,189,5/5
s166685057,p02400,u702242181,1527483833,C,C,c,Wrong Answer,0,2036,202,0/5
s983302136,p02400,u352899470,1528358332,C,C,c,Wrong Answer,0,2032,167,0/5
s987614993,p02400,u155649054,1528693048,C,C,c,Accepted,0,2140,152,5/5
s605763205,p02400,u753424241,1528700183,C,C,c,Wrong Answer,0,2084,216,0/5
s299892682,p02400,u427907988,1529310162,C,C,c,Accepted,0,2056,164,5/5
s338105596,p02400,u381482640,1348295630,C,C,c,Wrong Answer,0,648,157,0/5
s131319669,p02400,u140289110,1372684657,C,C,c,Wrong Answer,0,648,136,0/5
s775954048,p02400,u763657463,1392300103,C,C,c,Wrong Answer,0,628,123,0/5
s639404075,p02400,u971748390,1398659878,C,C,c,Accepted,0,648,216,5/5
s491451317,p02400,u609680692,1399619165,C,C,c,Wrong Answer,0,648,277,0/5
s219053485,p02400,u467929102,1401022991,C,C,c,Accepted,0,652,148,5/5
s163335168,p02400,u150153264,1593849486,C,C,c,Accepted,0,2092,126,5/5
s828373033,p02400,u058860400,1589180990,C,C,c,Accepted,0,2104,257,5/5
s437689926,p02400,u610541655,1587527695,C,C,c,Accepted,0,2100,220,5/5
s179572605,p02400,u132677601,1587026473,C,C,c,Accepted,0,2108,184,5/5
s309505937,p02400,u414834923,1585641499,C,C,c,Accepted,0,2056,182,5/5
s423536859,p02400,u288736360,1583866962,C,C,c,Accepted,0,2148,202,5/5
s039946804,p02400,u653994807,1582947826,C,C,c,Accepted,0,2120,209,5/5
s029918458,p02400,u173161890,1582789393,C,C,c,Accepted,0,2120,154,5/5
s949933030,p02400,u062211605,1578400808,C,C,c,Accepted,0,2084,147,5/5
s702927313,p02400,u983027078,1575377867,C,C,c,Accepted,0,2108,150,5/5
s057065297,p02400,u042565257,1573088481,C,C,c,Accepted,0,2028,152,5/5
s493672813,p02400,u161165739,1573028686,C,C,c,Accepted,0,2036,213,5/5
s006335481,p02400,u441494556,1573002686,C,C,c,Accepted,0,2092,198,5/5
s354664382,p02400,u019521103,1568881449,C,C,c,Accepted,0,2128,110,5/5
s296206387,p02400,u817023522,1568724974,C,C,c,Accepted,0,2140,223,5/5
s366172244,p02400,u570958314,1558053667,C,C,c,Accepted,0,2040,160,5/5
s963827116,p02400,u129430650,1557470055,C,C,c,Accepted,0,2048,163,5/5
s134241532,p02400,u034350746,1555646045,C,C,c,Accepted,0,2148,350,5/5
s558454587,p02400,u300965694,1553477944,C,C,c,Accepted,0,2112,182,5/5
s404342206,p02400,u562758860,1552613954,C,C,c,Accepted,0,2112,185,5/5
s792671456,p02400,u517413861,1543403363,C,C,c,Accepted,0,2032,194,5/5
s412127770,p02400,u217726631,1542184337,C,C,c,Accepted,0,1992,182,5/5
s781307997,p02400,u308060746,1539485359,C,C,c,Accepted,0,2068,151,5/5
s395419332,p02400,u822200871,1434534044,C,C,c,Accepted,0,648,134,5/5
s316976586,p02400,u165528868,1530955284,C++,C++,cpp,Wrong Answer,0,3276,138,0/5
s211082209,p02400,u165528868,1530955516,C++,C++14,cpp,Accepted,0,3200,142,5/5
s819685140,p02400,u342379611,1531488375,C++,C++,cpp,Wrong Answer,0,3288,524,0/5
s821181692,p02400,u331071112,1540507597,C++,C++,cpp,Wrong Answer,0,3148,240,0/5
s812548712,p02400,u586872114,1540644554,C++,C++,cpp,Wrong Answer,0,3104,196,0/5
s009471246,p02400,u586872114,1540644690,C++,C++,cpp,Accepted,0,3188,197,5/5
s099636874,p02400,u274280055,1545285322,C++,C++,cpp,Wrong Answer,0,2584,170,0/5
s823586744,p02400,u641605296,1545360728,C++,C++,cpp,Wrong Answer,0,3268,163,0/5
s704982644,p02400,u279759025,1546309364,C++,C++,cpp,Wrong Answer,0,3148,201,0/5
s878549417,p02400,u637064102,1546333670,C++,C++,cpp,Wrong Answer,0,3288,207,3/5
s200353881,p02400,u072016202,1551446858,C++,C++14,cpp,Wrong Answer,0,3232,198,3/5
s595038927,p02400,u712985670,1556088305,C++,C++,cpp,Accepted,0,3276,208,5/5
s517117531,p02400,u577978368,1556104587,C++,C++,cpp,Runtime Error,0,0,267,0/5
s533838309,p02400,u395880873,1556723522,C++,C++,cpp,Wrong Answer,0,3180,164,0/5
s406058987,p02400,u773889679,1556799305,C++,C++,cpp,Wrong Answer,0,3208,496,0/5
s598259039,p02400,u542472721,1559028537,C++,C++,cpp,Compile Error,0,0,169,0/5
s691475453,p02400,u542472721,1559029298,C++,C++,cpp,Compile Error,0,0,165,0/5
s976153841,p02400,u342628608,1559117496,C++,C++,cpp,Wrong Answer,0,3220,247,0/5
s061466510,p02400,u342628608,1559117538,C++,C++,cpp,Accepted,0,3272,248,5/5
s063714052,p02400,u103055978,1559122303,C++,C++,cpp,Wrong Answer,0,3132,217,0/5
s483389093,p02400,u389094550,1559548635,C++,C++,cpp,Accepted,0,3280,187,5/5
s108075466,p02400,u657832759,1404132647,C++,C++,cpp,Compile Error,0,0,153,0/5
s342392568,p02400,u491970714,1420861421,C++,C++,cpp,Accepted,0,1288,232,5/5
s023069405,p02400,u764363131,1422720853,C++,C++,cpp,Wrong Answer,0,1240,203,0/5
s937523709,p02400,u866810339,1430119946,C++,C++,cpp,Wrong Answer,0,1060,176,0/5
s756860174,p02400,u004641776,1430192156,C++,C++,cpp,Accepted,0,1288,345,5/5
s106516411,p02400,u474427014,1431284086,C++,C++11,cpp,Wrong Answer,0,1284,179,0/5
s961233807,p02400,u436211082,1432543042,C++,C++,cpp,Compile Error,0,0,102,0/5
s359054942,p02400,u568230574,1434013974,C++,C++,cpp,Accepted,0,1076,156,5/5
s687784053,p02400,u172616925,1435323650,C++,C++,cpp,Compile Error,0,0,101,0/5
s158738554,p02400,u368840743,1435892209,C++,C++11,cpp,Accepted,0,1288,189,5/5
s294027294,p02400,u562861626,1436177071,C++,C++,cpp,Wrong Answer,0,1240,225,0/5
s579736401,p02400,u281728649,1436621281,C++,C++,cpp,Wrong Answer,0,1288,168,0/5
s779990706,p02400,u284652320,1438921995,C++,C++,cpp,Wrong Answer,0,1284,150,0/5
s679695257,p02400,u905165344,1439877311,C++,C++,cpp,Wrong Answer,0,1232,204,0/5
s008410034,p02400,u071586889,1441176382,C++,C++,cpp,Wrong Answer,0,1240,196,0/5
s006693695,p02400,u069172401,1442200580,C++,C++,cpp,Compile Error,0,0,215,0/5
s471867825,p02400,u534535137,1444142352,C++,C++,cpp,Wrong Answer,0,1232,147,3/5
s199713254,p02400,u154230605,1444382920,C++,C++11,cpp,Compile Error,1190,0,252,0/5
s449277121,p02400,u852311840,1444525780,C++,C++,cpp,Wrong Answer,0,1280,183,0/5
s121386620,p02400,u016799506,1445444581,C++,C++,cpp,Accepted,0,1076,152,5/5
s719208203,p02400,u267897253,1446537891,C++,C++,cpp,Wrong Answer,0,1280,167,0/5
s893928964,p02400,u218520956,1448191242,C++,C++,cpp,Wrong Answer,0,1236,162,3/5
s388465415,p02400,u210148484,1454040009,C++,C++11,cpp,Wrong Answer,0,3056,174,0/5
s141996123,p02400,u820606822,1455359904,C++,C++,cpp,Accepted,0,1288,349,5/5
s141506708,p02400,u008057082,1458263111,C++,C++,cpp,Compile Error,0,0,128,0/5
s586495781,p02400,u829912068,1460811078,C++,C++,cpp,Compile Error,0,0,199,0/5
s735717461,p02400,u737796120,1461766315,C++,C++,cpp,Accepted,0,1284,227,5/5
s148085704,p02400,u393181112,1461856881,C++,C++,cpp,Wrong Answer,0,1288,156,0/5
s657957009,p02400,u774866143,1464860641,C++,C++,cpp,Wrong Answer,0,1240,161,3/5
s625968028,p02400,u578441739,1464968888,C++,C++,cpp,Wrong Answer,0,1236,181,0/5
s776255658,p02400,u667297321,1465819997,C++,C++,cpp,Accepted,0,1288,213,5/5
s429812297,p02400,u045619227,1466330159,C++,C++,cpp,Wrong Answer,0,1280,268,0/5
s695609009,p02400,u467541030,1466487450,C++,C++,cpp,Accepted,0,1076,173,5/5
s434841082,p02400,u239734286,1467269034,C++,C++,cpp,Wrong Answer,0,1072,183,0/5
s394671740,p02400,u115770305,1468476270,C++,C++,cpp,Accepted,0,1236,178,5/5
s814972606,p02400,u642143443,1468989915,C++,C++,cpp,Wrong Answer,0,1240,144,0/5
s509902737,p02400,u642143443,1468990226,C++,C++,cpp,Accepted,0,1288,211,5/5
s645366995,p02400,u198366233,1471266448,C++,C++,cpp,Wrong Answer,0,1240,154,0/5
s830596281,p02400,u896006100,1473681049,C++,C++,cpp,Wrong Answer,0,1240,153,0/5
s344754558,p02400,u519466596,1475046243,C++,C++,cpp,Wrong Answer,0,3040,144,0/5
s511982703,p02400,u423833259,1475225963,C++,C++,cpp,Wrong Answer,0,3284,160,3/5
s870188685,p02400,u965211739,1475972260,C++,C++,cpp,Compile Error,0,0,208,0/5
s447543400,p02400,u231583749,1476345169,C++,C++,cpp,Accepted,0,3268,425,5/5
s108392611,p02400,u983285463,1476706017,C++,C++,cpp,Accepted,0,3228,195,5/5
s284965991,p02400,u765145536,1476750763,C++,C++,cpp,Compile Error,0,0,258,0/5
s004134081,p02400,u377471313,1477385574,C++,C++,cpp,Wrong Answer,0,3072,240,0/5
s854485602,p02400,u155061153,1477403301,C++,C++,cpp,Wrong Answer,0,3064,171,0/5
s482434999,p02400,u451300376,1481272424,C++,C++,cpp,Wrong Answer,0,2540,157,0/5
s628973692,p02400,u653467551,1481555649,C++,C++,cpp,Wrong Answer,0,3080,194,0/5
s610969747,p02400,u096656118,1481757415,C++,C++,cpp,Wrong Answer,0,3108,234,0/5
s956766791,p02400,u069626782,1482655596,C++,C++,cpp,Wrong Answer,0,3144,135,0/5
s891426506,p02400,u449555796,1483863176,C++,C++,cpp,Wrong Answer,0,3164,214,0/5
s049017139,p02400,u847270291,1484030268,C++,C++,cpp,Compile Error,0,0,198,0/5
s498420550,p02400,u991310168,1484730189,C++,C++,cpp,Wrong Answer,0,3132,190,0/5
s975020803,p02400,u991310168,1484730222,C++,C++,cpp,Wrong Answer,0,3036,189,0/5
s594747760,p02400,u480054566,1486803921,C++,C++,cpp,Wrong Answer,0,2576,150,0/5
s873317786,p02400,u151979683,1487404434,C++,C++,cpp,Accepted,0,3280,351,5/5
s141603925,p02400,u672480333,1487724962,C++,C++,cpp,Wrong Answer,0,3112,183,0/5
s115308162,p02400,u221815546,1487852128,C++,C++,cpp,Wrong Answer,0,3268,155,0/5
s637230477,p02400,u141917820,1489564048,C++,C++,cpp,Compile Error,0,0,197,0/5
s504932362,p02400,u084980375,1492404264,C++,C++,cpp,Accepted,0,2676,130,5/5
s931336659,p02400,u023497314,1493905785,C++,C++,cpp,Compile Error,0,0,173,0/5
s299368411,p02400,u887884342,1494146812,C++,C++,cpp,Compile Error,0,0,164,0/5
s592897083,p02400,u865210261,1494828872,C++,C++14,cpp,Accepted,0,3236,233,5/5
s993662967,p02400,u502396982,1496025473,C++,C++,cpp,Wrong Answer,0,3224,323,0/5
s061217949,p02400,u452636237,1496047466,C++,C++,cpp,Wrong Answer,0,3260,140,0/5
s861993477,p02400,u002693714,1496220839,C++,C++,cpp,Wrong Answer,0,3024,195,0/5
s495282131,p02400,u002693714,1496221275,C++,C++,cpp,Accepted,0,3176,198,5/5
s321145634,p02400,u499289652,1496655191,C++,C++,cpp,Accepted,0,3196,173,5/5
s673208834,p02400,u489419379,1497857045,C++,C++,cpp,Compile Error,0,0,268,0/5
s565015176,p02400,u606989659,1498346114,C++,C++,cpp,Wrong Answer,0,3204,176,0/5
s443079424,p02400,u505990483,1498640489,C++,C++,cpp,Accepted,0,3292,230,5/5
s979017144,p02400,u471997350,1499518401,C++,C++,cpp,Wrong Answer,0,3108,177,0/5
s777140293,p02400,u418153188,1500111144,C++,C++,cpp,Wrong Answer,0,3064,148,0/5
s673736097,p02400,u046185774,1500248290,C++,C++,cpp,Wrong Answer,0,3180,160,0/5
s209513794,p02400,u152402786,1500455628,C++,C++,cpp,Compile Error,0,0,249,0/5
s280712292,p02400,u586448184,1501160190,C++,C++,cpp,Wrong Answer,0,3140,216,0/5
s319232817,p02400,u675515155,1501500667,C++,C++,cpp,Wrong Answer,0,3244,150,0/5
s184379418,p02400,u675515155,1501500741,C++,C++,cpp,Wrong Answer,0,3168,154,0/5
s616147222,p02400,u515572821,1501558248,C++,C++,cpp,Accepted,0,2732,139,5/5
s757993291,p02400,u189288965,1501560660,C++,C++,cpp,Compile Error,0,0,227,0/5
s356366626,p02400,u049389480,1504024610,C++,C++,cpp,Compile Error,0,0,168,0/5
s381512089,p02400,u347187685,1504526486,C++,C++,cpp,Wrong Answer,0,3092,241,0/5
s639062525,p02400,u001068672,1505980267,C++,C++,cpp,Accepted,0,3200,206,5/5
s234570638,p02400,u002010345,1507293751,C++,C++,cpp,Accepted,0,3236,236,5/5
s795075751,p02400,u609578509,1509187393,C++,C++14,cpp,Accepted,0,3148,263,5/5
s309485773,p02400,u742415532,1510134682,C++,C++,cpp,Wrong Answer,0,2556,178,0/5
s078978176,p02400,u880853704,1510146266,C++,C++,cpp,Accepted,0,2692,172,5/5
s626911415,p02400,u151542485,1510235068,C++,C++,cpp,Compile Error,0,0,244,0/5
s315600199,p02400,u135716293,1512095847,C++,C++,cpp,Wrong Answer,0,3200,306,0/5
s677922540,p02400,u806323433,1513740914,C++,C++,cpp,Wrong Answer,0,3108,187,0/5
s606067519,p02400,u110740299,1513833925,C++,C++,cpp,Wrong Answer,0,3156,228,0/5
s688409091,p02400,u110740299,1513834019,C++,C++,cpp,Wrong Answer,0,3108,228,0/5
s383814811,p02400,u110740299,1513834480,C++,C++,cpp,Wrong Answer,0,3176,231,0/5
s810049785,p02400,u576471005,1514358998,C++,C++,cpp,Accepted,0,3248,183,5/5
s559298028,p02400,u045279534,1514568185,C++,C++14,cpp,Accepted,0,3188,493,5/5
s518153442,p02400,u509480392,1518842164,C++,C++,cpp,Wrong Answer,0,2508,236,0/5
s003942537,p02400,u509480392,1518842231,C++,C++,cpp,Compile Error,0,0,245,0/5
s628757858,p02400,u156223006,1521438144,C++,C++14,cpp,Wrong Answer,0,3112,225,0/5
s507246981,p02400,u226947511,1521639399,C++,C++11,cpp,Wrong Answer,0,3164,151,0/5
s804340986,p02400,u578521822,1522220495,C++,C++,cpp,Wrong Answer,0,3068,220,0/5
s488681166,p02400,u380982951,1522393520,C++,C++,cpp,Accepted,0,2680,210,5/5
s854728312,p02400,u070640908,1522716101,C++,C++14,cpp,Accepted,0,3188,265,5/5
s907450585,p02400,u088372268,1523065453,C++,C++,cpp,Wrong Answer,0,3220,175,0/5
s776725951,p02400,u983348699,1523427432,C++,C++,cpp,Accepted,0,3220,257,5/5
s635836012,p02400,u608725998,1523616187,C++,C++,cpp,Wrong Answer,0,3224,195,3/5
s347256289,p02400,u075006557,1523876568,C++,C++,cpp,Wrong Answer,0,3096,178,0/5
s149747500,p02400,u634420505,1523880010,C++,C++14,cpp,Wrong Answer,0,3228,259,0/5
s415474804,p02400,u460296825,1524206696,C++,C++,cpp,Wrong Answer,0,3204,235,3/5
s358747438,p02400,u930842708,1524465248,C++,C++,cpp,Wrong Answer,0,3140,153,3/5
s381114458,p02400,u887952518,1524465623,C++,C++,cpp,Accepted,0,3180,177,5/5
s422745785,p02400,u906930567,1524554724,C++,C++,cpp,Wrong Answer,0,3104,168,0/5
s459006703,p02400,u692127517,1524806212,C++,C++14,cpp,Compile Error,0,0,217,0/5
s333642815,p02400,u549319121,1525140915,C++,C++,cpp,Accepted,0,2716,165,5/5
s903419969,p02400,u066205379,1525242622,C++,C++,cpp,Wrong Answer,0,2560,173,0/5
s673208354,p02400,u098170735,1525277061,C++,C++,cpp,Wrong Answer,0,2676,196,0/5
s407965793,p02400,u532991988,1525666792,C++,C++,cpp,Wrong Answer,0,2676,239,0/5
s594275849,p02400,u532991988,1525666976,C++,C++,cpp,Wrong Answer,0,2604,246,0/5
s519520816,p02400,u429502275,1525694905,C++,C++,cpp,Wrong Answer,0,3180,147,0/5
s830058403,p02400,u018115364,1525954837,C++,C++,cpp,Accepted,0,2740,183,5/5
s372464098,p02400,u432637103,1526009430,C++,C++,cpp,Accepted,0,2680,222,5/5
s704533864,p02400,u267739945,1526047523,C++,C++,cpp,Wrong Answer,0,3264,233,3/5
s086719136,p02400,u580766751,1526368354,C++,C++14,cpp,Wrong Answer,0,3292,152,3/5
s812124329,p02400,u013648252,1526947907,C++,C++,cpp,Wrong Answer,0,2596,191,0/5
s499251794,p02400,u727765396,1527668699,C++,C++,cpp,Accepted,0,3200,169,5/5
s685432961,p02400,u488210456,1529045125,C++,C++,cpp,Wrong Answer,0,3232,194,0/5
s082266176,p02400,u286751622,1529230441,C++,C++,cpp,Wrong Answer,0,3204,259,0/5
s326411255,p02400,u455443343,1529595873,C++,C++,cpp,Wrong Answer,0,2696,182,0/5
s976455234,p02400,u237800109,1529822719,C++,C++,cpp,Accepted,0,3268,263,5/5
s802774489,p02400,u301911100,1530035018,C++,C++,cpp,Wrong Answer,0,3280,183,0/5
s157270089,p02400,u766154243,1530089712,C++,C++,cpp,Wrong Answer,0,3188,303,0/5
s766988079,p02400,u554218944,1360737572,C++,C++,cpp,Wrong Answer,0,1056,146,0/5
s770884613,p02400,u599926280,1377323128,C++,C++,cpp,Accepted,0,1252,292,5/5
s134855702,p02400,u835414158,1379839014,C++,C++,cpp,Wrong Answer,0,1072,183,0/5
s681821236,p02400,u301021544,1395739043,C++,C++,cpp,Compile Error,1010,0,173,0/5
s422905434,p02400,u498680922,1400651422,C++,C++,cpp,Accepted,0,1240,220,5/5
s049094841,p02400,u869897832,1403575760,C++,C++,cpp,Wrong Answer,0,1076,173,0/5
s640139069,p02400,u034774995,1596974061,C++,C++,cpp,Accepted,0,3220,184,5/5
s442294767,p02400,u251729186,1596641516,C++,C++14,cpp,Accepted,0,3300,408,5/5
s775080034,p02400,u643502649,1594722618,C++,C++,cpp,Accepted,0,3272,252,5/5
s075365118,p02400,u166962021,1592923604,C++,C++,cpp,Accepted,0,2656,148,5/5
s283280761,p02400,u233979500,1592222463,C++,C++14,cpp,Accepted,0,3284,3187,5/5
s048413293,p02400,u018354895,1591350628,C++,C++,cpp,Accepted,0,3272,196,5/5
s894240642,p02400,u361766638,1591168636,C++,C++,cpp,Accepted,0,2736,191,5/5
s936910483,p02400,u250759394,1591163806,C++,C++14,cpp,Accepted,0,2704,185,5/5
s011438069,p02400,u896629774,1590806900,C++,C++14,cpp,Accepted,0,3248,1344,5/5
s071184960,p02400,u908253244,1585905954,C++,C++14,cpp,Accepted,0,3184,2686,5/5
s682835121,p02400,u447442229,1585408875,C++,C++,cpp,Accepted,0,3260,217,5/5
s845320734,p02400,u240585132,1585228604,C++,C++14,cpp,Accepted,0,3300,1049,5/5
s227152600,p02400,u249819292,1585183484,C++,C++11,cpp,Accepted,0,3284,311,5/5
s607296422,p02400,u845090182,1584368983,C++,C++,cpp,Accepted,0,3204,257,5/5
s905015068,p02400,u719562665,1584187085,C++,C++,cpp,Accepted,0,3288,292,5/5
s371100569,p02400,u105539695,1584176912,C++,C++,cpp,Accepted,0,3204,189,5/5
s687706288,p02400,u296905671,1582836785,C++,C++,cpp,Accepted,0,3280,282,5/5
s218215192,p02400,u343282144,1582174151,C++,C++,cpp,Accepted,0,3236,301,5/5
s451200066,p02400,u083737396,1577522250,C++,C++,cpp,Accepted,0,3236,218,5/5
s641970877,p02400,u593037386,1575361961,C++,C++,cpp,Accepted,0,2708,201,5/5
s962276326,p02400,u072591737,1573463554,C++,C++,cpp,Accepted,0,2732,178,5/5
s657274872,p02400,u076856129,1573445650,C++,C++,cpp,Accepted,0,3204,315,5/5
s620811713,p02400,u786211296,1572660085,C++,C++,cpp,Accepted,0,2688,157,5/5
s840151238,p02400,u630911389,1569759425,C++,C++,cpp,Accepted,0,3260,323,5/5
s237683860,p02400,u831176432,1568504294,C++,C++,cpp,Accepted,0,3292,190,5/5
s555124431,p02400,u471014524,1565935384,C++,C++,cpp,Accepted,0,3288,192,5/5
s418289761,p02400,u199829264,1564021645,C++,C++,cpp,Accepted,0,3252,620,5/5
s191210555,p02400,u518895056,1563716020,C++,C++,cpp,Accepted,0,3212,211,5/5
s330485759,p02400,u073209820,1561702219,C++,C++,cpp,Accepted,0,2612,154,5/5
s323645825,p02400,u075009066,1561108908,C++,C++,cpp,Accepted,0,3212,2273,5/5
s610693742,p02400,u848219421,1559997258,C++,C++,cpp,Accepted,0,2724,179,5/5
s910774012,p02400,u047021010,1558511510,C++,C++,cpp,Accepted,0,3196,188,5/5
s516748458,p02400,u565812827,1558503726,C++,C++14,cpp,Accepted,0,3196,235,5/5
s846487369,p02400,u132966249,1558242890,C++,C++,cpp,Accepted,0,3192,149,5/5
s140127810,p02400,u733794507,1557797621,C++,C++,cpp,Accepted,0,3248,222,5/5
s255127874,p02400,u583329397,1557446369,C++,C++14,cpp,Accepted,0,3252,224,5/5
s219768548,p02400,u605366935,1557298963,C++,C++,cpp,Accepted,0,3196,205,5/5
s791468228,p02400,u755675312,1555564092,C++,C++,cpp,Accepted,0,3288,225,5/5
s551249260,p02400,u238283861,1555322667,C++,C++14,cpp,Accepted,0,3196,156,5/5
s110345338,p02400,u030936658,1552742710,C++,C++,cpp,Accepted,0,3236,194,5/5
s848807563,p02400,u783108851,1544542542,C++,C++,cpp,Accepted,0,3284,343,5/5
s433570738,p02400,u034626564,1540159122,C++,C++,cpp,Accepted,0,3300,213,5/5
s432021178,p02400,u404682284,1535028643,Go,Go,go,Compile Error,0,0,132,0/5
s115463518,p02400,u404682284,1535028669,Go,Go,go,Accepted,0,1196,136,5/5
s448271979,p02400,u827024925,1535178715,Go,Go,go,Wrong Answer,0,1072,237,0/5
s169935808,p02400,u827024925,1535178741,Go,Go,go,Wrong Answer,0,1104,239,0/5
s370765122,p02400,u827024925,1535178918,Go,Go,go,Accepted,0,1116,231,5/5
s002996512,p02400,u596110276,1545230437,Go,Go,go,Wrong Answer,0,1136,1656,0/5
s159740676,p02400,u596110276,1545230499,Go,Go,go,Wrong Answer,0,1132,1656,3/5
s052802008,p02400,u596110276,1545230562,Go,Go,go,Accepted,0,1128,1656,5/5
s346269688,p02400,u808404363,1546131208,Go,Go,go,Wrong Answer,0,1112,152,0/5
s928889158,p02400,u808404363,1546131259,Go,Go,go,Accepted,0,1180,135,5/5
s788487007,p02400,u970716143,1559123640,Go,Go,go,Accepted,0,1096,417,5/5
s759811410,p02400,u657076895,1512735320,Go,Go,go,Accepted,0,1152,169,5/5
s612332757,p02400,u929568713,1514173524,Go,Go,go,Wrong Answer,0,1124,149,0/5
s703366582,p02400,u929568713,1514173555,Go,Go,go,Accepted,0,1160,153,5/5
s536518873,p02400,u378480414,1520165353,Go,Go,go,Accepted,0,1192,152,5/5
s961907280,p02400,u641702731,1521978361,Go,Go,go,Accepted,0,1204,385,5/5
s781982296,p02400,u119127920,1524210577,Go,Go,go,Accepted,0,1216,145,5/5
s570501852,p02400,u197868040,1525014927,Go,Go,go,Wrong Answer,0,1148,124,0/5
s118025695,p02400,u197868040,1525014994,Go,Go,go,Accepted,0,1188,144,5/5
s713383846,p02400,u495592458,1525958102,Go,Go,go,Accepted,0,1160,164,5/5
s810780395,p02400,u286751622,1597414138,Go,Go,go,Accepted,0,1152,173,5/5
s382272607,p02400,u881863899,1594369588,Go,Go,go,Accepted,0,1160,144,5/5
s325945938,p02400,u803187901,1593440344,Go,Go,go,Accepted,0,1124,255,5/5
s846018324,p02400,u987034774,1592278232,Go,Go,go,Accepted,0,1212,563,5/5
s235822195,p02400,u104217787,1591867659,Go,Go,go,Accepted,0,1164,248,5/5
s990224032,p02400,u531284903,1591538898,Go,Go,go,Accepted,0,1152,144,5/5
s513844108,p02400,u951435175,1588713157,Go,Go,go,Accepted,0,1112,296,5/5
s256272162,p02400,u973174478,1588607735,Go,Go,go,Accepted,0,1132,1030,5/5
s028805663,p02400,u513459484,1587799854,Go,Go,go,Accepted,0,1200,172,5/5
s292280525,p02400,u503663629,1587503383,Go,Go,go,Accepted,0,1152,141,5/5
s490004402,p02400,u956597432,1585226168,Go,Go,go,Accepted,0,1160,178,5/5
s821368092,p02400,u975174448,1585071273,Go,Go,go,Accepted,0,1152,140,5/5
s721041068,p02400,u300068986,1584207675,Go,Go,go,Accepted,0,1116,605,5/5
s161440148,p02400,u982214285,1584021195,Go,Go,go,Accepted,0,1156,281,5/5
s926037981,p02400,u225669905,1583456344,Go,Go,go,Accepted,0,1152,138,5/5
s418033429,p02400,u606644684,1583318656,Go,Go,go,Accepted,0,1124,421,5/5
s756927451,p02400,u283807184,1582988940,Go,Go,go,Accepted,0,1156,193,5/5
s670202077,p02400,u967750841,1582464300,Go,Go,go,Accepted,0,1156,136,5/5
s742478311,p02400,u814680900,1581848304,Go,Go,go,Accepted,0,1168,161,5/5
s485486606,p02400,u676220309,1579356239,Go,Go,go,Accepted,0,1100,502,5/5
s136156199,p02400,u501580502,1576945605,Go,Go,go,Accepted,0,1192,1045,5/5
s752294713,p02400,u198339703,1571592570,Go,Go,go,Accepted,0,1160,191,5/5
s268236400,p02400,u271583983,1571460859,Go,Go,go,Accepted,0,1124,358,5/5
s893594632,p02400,u383717667,1571018319,Go,Go,go,Accepted,0,1124,8603,5/5
s810548962,p02400,u215870135,1570021426,Go,Go,go,Accepted,0,1148,506,5/5
s428912281,p02400,u128808587,1569354334,Go,Go,go,Accepted,0,1152,171,5/5
s941031084,p02400,u456075975,1562811326,Go,Go,go,Accepted,0,1160,162,5/5
s413184171,p02400,u383203146,1561471163,Go,Go,go,Accepted,0,1108,260,5/5
s339320432,p02400,u594816808,1559701628,Go,Go,go,Accepted,0,1164,197,5/5
s453067746,p02400,u325854462,1557403476,Go,Go,go,Accepted,0,1152,154,5/5
s290411513,p02400,u584106432,1553654026,Go,Go,go,Accepted,0,1156,288,5/5
s911323188,p02400,u517130611,1552437074,Go,Go,go,Accepted,0,1152,238,5/5
s109837518,p02400,u504813648,1552325596,Go,Go,go,Accepted,0,1152,141,5/5
s384781294,p02400,u990117429,1551013351,Go,Go,go,Accepted,0,1164,203,5/5
s332472221,p02400,u262610780,1549895446,Go,Go,go,Accepted,0,1116,428,5/5
s333751110,p02400,u290738926,1549538347,Go,Go,go,Accepted,0,1184,192,5/5
s487632855,p02400,u446468417,1547660829,Go,Go,go,Accepted,0,1160,150,5/5
s516143330,p02400,u819367040,1543472421,Go,Go,go,Accepted,0,1160,144,5/5
s484470013,p02400,u940551645,1541526962,Go,Go,go,Accepted,0,1152,158,5/5
s510936243,p02400,u638343650,1538571831,Go,Go,go,Accepted,0,1124,365,5/5
s066303974,p02400,u973203074,1538312348,Go,Go,go,Accepted,0,1152,136,5/5
s983028673,p02400,u060628509,1537712560,Go,Go,go,Accepted,0,1152,144,5/5
s806205502,p02400,u591724377,1537054733,Go,Go,go,Accepted,0,1160,287,5/5
s275161812,p02400,u107594390,1536379528,Go,Go,go,Accepted,0,1124,435,5/5
s294600435,p02400,u898470141,1534426410,Go,Go,go,Accepted,0,1116,234,5/5
s247533717,p02400,u063797026,1531445427,Java,JAVA,java,Wrong Answer,60,27708,269,0/5
s840027570,p02400,u663807940,1532015491,Java,JAVA,java,Runtime Error,0,0,713,0/5
s202475433,p02400,u652522152,1534899351,Java,JAVA,java,Runtime Error,0,0,292,0/5
s289574851,p02400,u978566368,1535490825,Java,JAVA,java,Runtime Error,0,0,386,0/5
s145277332,p02400,u978566368,1535491209,Java,JAVA,java,Runtime Error,0,0,682,0/5
s098093333,p02400,u925778868,1546252897,Java,JAVA,java,Accepted,60,28276,334,5/5
s020435854,p02400,u429496644,1551425958,Java,JAVA,java,Accepted,60,28360,4143,5/5
s982726607,p02400,u763716285,1558956851,Java,JAVA,java,Runtime Error,0,0,277,0/5
s165024063,p02400,u771424992,1406015074,Java,JAVA,java,Compile Error,0,0,236,0/5
s747445082,p02400,u793784072,1408684016,Java,JAVA,java,Runtime Error,0,0,390,0/5
s704185520,p02400,u793784072,1408692998,Java,JAVA,java,Runtime Error,0,0,461,0/5
s503425278,p02400,u910780605,1408886661,Java,JAVA,java,Wrong Answer,50,18172,216,0/5
s956026203,p02400,u852983054,1412227058,Java,JAVA,java,Runtime Error,0,0,390,0/5
s898850139,p02400,u852983054,1412307027,Java,JAVA,java,Wrong Answer,40,16920,484,0/5
s834603335,p02400,u225206951,1415865546,Java,JAVA,java,Accepted,60,18892,245,5/5
s053581803,p02400,u676100546,1415865796,Java,JAVA,java,Runtime Error,0,0,209,0/5
s985421960,p02400,u676100546,1415944517,Java,JAVA,java,Wrong Answer,60,18900,268,3/5
s031633537,p02400,u777338381,1419914345,Java,JAVA,java,Accepted,50,17104,429,5/5
s690358436,p02400,u367059629,1422680932,Java,JAVA,java,Runtime Error,0,0,380,0/5
s593237417,p02400,u367059629,1422681210,Java,JAVA,java,Runtime Error,0,0,394,0/5
s031656527,p02400,u604774382,1425297314,Java,JAVA,java,Runtime Error,0,0,232,0/5
s604396811,p02400,u997473159,1427285477,Java,JAVA,java,Runtime Error,0,0,330,0/5
s966002398,p02400,u381034608,1428038088,Java,JAVA,java,Runtime Error,0,0,329,0/5
s643766259,p02400,u980351766,1428889944,Java,JAVA,java,Accepted,60,19016,283,5/5
s888223175,p02400,u778333573,1429773194,Java,JAVA,java,Runtime Error,0,0,570,0/5
s117286505,p02400,u305660980,1432350839,Java,JAVA,java,Runtime Error,0,0,211,0/5
s650712449,p02400,u879226672,1432705686,Java,JAVA,java,Wrong Answer,40,17096,406,3/5
s224228558,p02400,u879226672,1432705820,Java,JAVA,java,Accepted,40,16916,431,5/5
s440143666,p02400,u422935547,1434445036,Java,JAVA,java,Runtime Error,0,0,413,0/5
s376837326,p02400,u142320980,1434526766,Java,JAVA,java,Wrong Answer,40,16928,610,0/5
s327637085,p02400,u667765417,1434610692,Java,JAVA,java,Runtime Error,0,0,326,0/5
s183291933,p02400,u877075445,1438615087,Java,JAVA,java,Runtime Error,0,0,256,0/5
s450336566,p02400,u933965697,1442120736,Java,JAVA,java,Accepted,60,18948,231,5/5
s476637124,p02400,u606593727,1445308041,Java,JAVA,java,Runtime Error,0,0,460,0/5
s616215604,p02400,u695952004,1445443859,Java,JAVA,java,Runtime Error,0,0,485,0/5
s351896793,p02400,u361924969,1446458455,Java,JAVA,java,Wrong Answer,90,28280,404,3/5
s983338016,p02400,u361124931,1447707073,Java,JAVA,java,Runtime Error,0,0,316,0/5
s853863014,p02400,u994752138,1448202578,Java,JAVA,java,Runtime Error,0,0,367,0/5
s268499254,p02400,u994752138,1448203075,Java,JAVA,java,Runtime Error,0,0,278,0/5
s734830702,p02400,u635505472,1449591852,Java,JAVA,java,Runtime Error,0,0,305,0/5
s295493174,p02400,u092742949,1452057862,Java,JAVA,java,Compile Error,10,0,239,0/5
s865898026,p02400,u377778881,1454035355,Java,JAVA,java,Accepted,90,26552,508,5/5
s285773306,p02400,u606298399,1456814051,Java,JAVA,java,Runtime Error,0,0,506,0/5
s130459448,p02400,u775942576,1459207751,Java,JAVA,java,Accepted,70,28244,276,5/5
s772506616,p02400,u343364738,1460356079,Java,JAVA,java,Wrong Answer,60,27728,264,0/5
s166547143,p02400,u745846646,1460437336,Java,JAVA,java,Compile Error,250,0,437,0/5
s388508669,p02400,u211598122,1460511482,Java,JAVA,java,Runtime Error,0,0,360,0/5
s523386388,p02400,u657620028,1460691737,Java,JAVA,java,Compile Error,30,0,317,0/5
s899435718,p02400,u595583331,1461143410,Java,JAVA,java,Runtime Error,0,0,436,0/5
s556594596,p02400,u371383254,1461692013,Java,JAVA,java,Runtime Error,0,0,309,0/5
s109180175,p02400,u126119552,1461742486,Java,JAVA,java,Runtime Error,0,0,305,0/5
s406755050,p02400,u126119552,1461743665,Java,JAVA,java,Compile Error,0,0,318,0/5
s284475870,p02400,u126119552,1461743724,Java,JAVA,java,Runtime Error,0,0,315,0/5
s553852468,p02400,u730512308,1462526288,Java,JAVA,java,Runtime Error,0,0,239,0/5
s875030376,p02400,u319046809,1462971016,Java,JAVA,java,Accepted,70,28052,375,5/5
s932976141,p02400,u534111608,1464250729,Java,JAVA,java,Compile Error,70,0,434,0/5
s381497237,p02400,u733432799,1464616516,Java,JAVA,java,Accepted,70,28292,349,5/5
s580824030,p02400,u336652968,1464749778,Java,JAVA,java,Accepted,70,24720,669,5/5
s219947266,p02400,u627927231,1466336878,Java,JAVA,java,Accepted,50,24728,390,5/5
s999719738,p02400,u685616850,1466527429,Java,JAVA,java,Runtime Error,0,0,377,0/5
s660368042,p02400,u136932526,1466615899,Java,JAVA,java,Wrong Answer,60,24504,3239,3/5
s423513080,p02400,u812678274,1467560822,Java,JAVA,java,Wrong Answer,30,24252,3352,0/5
s375626370,p02400,u812678274,1467560880,Java,JAVA,java,Wrong Answer,50,24268,3355,3/5
s090233346,p02400,u782440722,1467866655,Java,JAVA,java,Accepted,70,27896,361,5/5
s403276041,p02400,u960488816,1467964511,Java,JAVA,java,Wrong Answer,70,28156,613,0/5
s667237519,p02400,u792486880,1468649984,Java,JAVA,java,Wrong Answer,70,27844,264,3/5
s534742812,p02400,u102460416,1469261120,Java,JAVA,java,Wrong Answer,40,24816,1031,0/5
s634705830,p02400,u898470141,1470315856,Java,JAVA,java,Runtime Error,0,0,407,0/5
s507710915,p02400,u898470141,1470316095,Java,JAVA,java,Runtime Error,0,0,333,0/5
s979215432,p02400,u354344340,1471085681,Java,JAVA,java,Accepted,80,28164,321,5/5
s729310616,p02400,u480519190,1473676571,Java,JAVA,java,Compile Error,0,0,326,0/5
s620848818,p02400,u970208310,1474478458,Java,JAVA,java,Wrong Answer,30,24496,1020,0/5
s372051013,p02400,u543082794,1475501534,Java,JAVA,java,Runtime Error,0,0,345,0/5
s564072029,p02400,u543473017,1475971789,Java,JAVA,java,Runtime Error,0,0,405,0/5
s706946239,p02400,u553148578,1476929516,Java,JAVA,java,Runtime Error,0,0,292,0/5
s674933103,p02400,u342302557,1476965674,Java,JAVA,java,Runtime Error,0,0,469,0/5
s725491492,p02400,u803228308,1477984444,Java,JAVA,java,Wrong Answer,80,27980,342,3/5
s548065816,p02400,u438549511,1480833373,Java,JAVA,java,Runtime Error,0,0,526,0/5
s277334128,p02400,u843222791,1481560334,Java,JAVA,java,Wrong Answer,70,28020,245,0/5
s524177197,p02400,u740756276,1482661581,Java,JAVA,java,Accepted,50,24844,515,5/5
s530895969,p02400,u330397888,1484703273,Java,JAVA,java,Runtime Error,0,0,582,0/5
s304154787,p02400,u895275311,1491281068,Java,JAVA,java,Runtime Error,0,0,432,0/5
s927254129,p02400,u191507672,1491283816,Java,JAVA,java,Accepted,70,27860,447,5/5
s407678224,p02400,u206778360,1491295958,Java,JAVA,java,Compile Error,30,0,316,0/5
s624261164,p02400,u102255374,1491301684,Java,JAVA,java,Wrong Answer,60,27808,395,0/5
s954069498,p02400,u226368180,1491799656,Java,JAVA,java,Compile Error,50,0,294,0/5
s311812850,p02400,u383671372,1492154517,Java,JAVA,java,Accepted,50,26420,666,5/5
s134336969,p02400,u776566986,1492490849,Java,JAVA,java,Runtime Error,0,0,515,0/5
s627298438,p02400,u776566986,1492493164,Java,JAVA,java,Wrong Answer,50,26364,524,0/5
s633545620,p02400,u535768079,1492587616,Java,JAVA,java,Runtime Error,0,0,300,0/5
s221854388,p02400,u979459657,1492588300,Java,JAVA,java,Runtime Error,0,0,642,0/5
s921840161,p02400,u660501524,1492592216,Java,JAVA,java,Runtime Error,0,0,452,0/5
s901077866,p02400,u660501524,1492759684,Java,JAVA,java,Runtime Error,0,0,633,0/5
s365659803,p02400,u761923615,1493017156,Java,JAVA,java,Runtime Error,0,0,318,0/5
s739442260,p02400,u761923615,1493017341,Java,JAVA,java,Accepted,60,24540,322,5/5
s579922295,p02400,u292572821,1493360242,Java,JAVA,java,Wrong Answer,60,27748,380,0/5
s350698817,p02400,u144193947,1493827691,Java,JAVA,java,Accepted,50,24724,344,5/5
s179695267,p02400,u758581602,1494409963,Java,JAVA,java,Runtime Error,0,0,248,0/5
s638660131,p02400,u203887348,1495583284,Java,JAVA,java,Accepted,60,28300,432,5/5
s891268080,p02400,u231662285,1496303211,Java,JAVA,java,Accepted,30,24684,564,5/5
s885831612,p02400,u986012016,1496651969,Java,JAVA,java,Wrong Answer,50,26152,486,3/5
s566892796,p02400,u267695240,1497027687,Java,JAVA,java,Wrong Answer,40,24300,930,3/5
s238561318,p02400,u544449239,1497438367,Java,JAVA,java,Runtime Error,0,0,352,0/5
s245529053,p02400,u418625354,1497692504,Java,JAVA,java,Compile Error,10,0,275,0/5
s692843848,p02400,u391462065,1500287423,Java,JAVA,java,Accepted,60,28404,444,5/5
s113411527,p02400,u312191121,1501101840,Java,JAVA,java,Wrong Answer,60,27984,481,0/5
s885746219,p02400,u319288834,1504677852,Java,JAVA,java,Runtime Error,0,0,323,0/5
s158006121,p02400,u319288834,1504679823,Java,JAVA,java,Wrong Answer,70,27524,257,0/5
s773387034,p02400,u162151793,1508233230,Java,JAVA,java,Accepted,70,28468,266,5/5
s632428555,p02400,u195518036,1508739847,Java,JAVA,java,Accepted,60,24620,424,5/5
s481171781,p02400,u877617379,1510144789,Java,JAVA,java,Wrong Answer,40,24280,325,3/5
s886582480,p02400,u877617379,1510145743,Java,JAVA,java,Accepted,40,24628,484,5/5
s804566749,p02400,u933808920,1510750030,Java,JAVA,java,Runtime Error,0,0,456,0/5
s903399883,p02400,u545438290,1511153441,Java,JAVA,java,Runtime Error,0,0,357,0/5
s458059335,p02400,u419045841,1511155666,Java,JAVA,java,Accepted,70,28296,286,5/5
s848867397,p02400,u699160354,1513151891,Java,JAVA,java,Runtime Error,0,0,301,0/5
s708602998,p02400,u709855526,1513768316,Java,JAVA,java,Runtime Error,0,0,236,0/5
s129037730,p02400,u261541966,1515792798,Java,JAVA,java,Wrong Answer,70,27960,248,0/5
s390098915,p02400,u647648401,1516373563,Java,JAVA,java,Runtime Error,0,0,398,0/5
s017970068,p02400,u843641610,1516497770,Java,JAVA,java,Wrong Answer,70,28060,404,0/5
s874723920,p02400,u249262080,1517379487,Java,JAVA,java,Compile Error,0,0,347,0/5
s417483216,p02400,u203382477,1518177774,Java,JAVA,java,Runtime Error,0,0,295,0/5
s213112682,p02400,u312158419,1518260968,Java,JAVA,java,Runtime Error,0,0,242,0/5
s029147309,p02400,u136457939,1519284746,Java,JAVA,java,Runtime Error,0,0,377,0/5
s176490823,p02400,u248122909,1520172726,Java,JAVA,java,Accepted,70,26544,561,5/5
s369612578,p02400,u642379218,1521805487,Java,JAVA,java,Runtime Error,0,0,312,0/5
s034610526,p02400,u438493637,1522805309,Java,JAVA,java,Accepted,70,28300,439,5/5
s150198941,p02400,u902869273,1523247196,Java,JAVA,java,Accepted,80,28380,260,5/5
s480067850,p02400,u895256226,1523251143,Java,JAVA,java,Runtime Error,0,0,542,0/5
s390541602,p02400,u263431633,1523252620,Java,JAVA,java,Runtime Error,0,0,288,0/5
s994852185,p02400,u680769608,1523252711,Java,JAVA,java,Accepted,80,28360,288,5/5
s693313082,p02400,u619017212,1523253060,Java,JAVA,java,Accepted,90,28272,292,5/5
s207449782,p02400,u642263394,1523253111,Java,JAVA,java,Accepted,80,28240,270,5/5
s849511988,p02400,u064460075,1523253333,Java,JAVA,java,Runtime Error,0,0,213,0/5
s830726525,p02400,u263431633,1523254390,Java,JAVA,java,Compile Error,0,0,269,0/5
s619412219,p02400,u187350096,1523254449,Java,JAVA,java,Runtime Error,0,0,274,0/5
s500127362,p02400,u107562958,1523254608,Java,JAVA,java,Accepted,80,28168,297,5/5
s351483913,p02400,u339830326,1523254862,Java,JAVA,java,Runtime Error,0,0,286,0/5
s894216942,p02400,u001888978,1523254981,Java,JAVA,java,Accepted,70,26420,293,5/5
s636444012,p02400,u140645632,1523255118,Java,JAVA,java,Runtime Error,0,0,235,0/5
s549968349,p02400,u339830326,1523255202,Java,JAVA,java,Runtime Error,0,0,306,0/5
s653983362,p02400,u337407920,1523255539,Java,JAVA,java,Wrong Answer,70,28080,287,3/5
s296250803,p02400,u228156124,1523255582,Java,JAVA,java,Compile Error,0,0,304,0/5
s884164808,p02400,u231308084,1523255814,Java,JAVA,java,Accepted,70,28352,322,5/5
s962612635,p02400,u228156124,1523255847,Java,JAVA,java,Compile Error,0,0,312,0/5
s212740006,p02400,u837693739,1523256805,Java,JAVA,java,Accepted,70,28416,290,5/5
s216657289,p02400,u542091586,1523257383,Java,JAVA,java,Accepted,80,28324,322,5/5
s637641100,p02400,u601970475,1523257771,Java,JAVA,java,Runtime Error,0,0,317,0/5
s902336167,p02400,u863528327,1523260345,Java,JAVA,java,Wrong Answer,30,24460,774,0/5
s235856247,p02400,u310199964,1523339919,Java,JAVA,java,Runtime Error,0,0,416,0/5
s714278607,p02400,u270131846,1523344951,Java,JAVA,java,Runtime Error,0,0,416,0/5
s816254827,p02400,u715865121,1523845040,Java,JAVA,java,Accepted,80,28300,323,5/5
s879085222,p02400,u544040886,1525340230,Java,JAVA,java,Wrong Answer,70,28200,342,0/5
s097488552,p02400,u779656282,1525361646,Java,JAVA,java,Compile Error,0,0,300,0/5
s891681079,p02400,u712472338,1525759653,Java,JAVA,java,Runtime Error,0,0,345,0/5
s046044040,p02400,u834356976,1525850304,Java,JAVA,java,Runtime Error,0,0,361,0/5
s854467300,p02400,u834356976,1525850506,Java,JAVA,java,Compile Error,0,0,314,0/5
s838504206,p02400,u913462354,1525940999,Java,JAVA,java,Runtime Error,0,0,455,0/5
s911822239,p02400,u363084656,1526012440,Java,JAVA,java,Wrong Answer,60,27964,272,0/5
s425712154,p02400,u103389826,1526014981,Java,JAVA,java,Accepted,70,28232,267,5/5
s839126538,p02400,u641215222,1527161665,Java,JAVA,java,Accepted,70,28396,258,5/5
s783024538,p02400,u952765898,1529030040,Java,JAVA,java,Accepted,80,28300,278,5/5
s235026062,p02400,u285303866,1529044867,Java,JAVA,java,Runtime Error,0,0,398,0/5
s074382843,p02400,u848975392,1530233267,Java,JAVA,java,Runtime Error,0,0,231,0/5
s324615388,p02400,u451187291,1365089326,Java,JAVA,java,Wrong Answer,50,18940,355,0/5
s436204418,p02400,u912237403,1371191039,Java,JAVA,java,Accepted,60,18920,285,5/5
s860053547,p02400,u873962175,1385723186,Java,JAVA,java,Runtime Error,0,0,284,0/5
s294179923,p02400,u814387366,1393134907,Java,JAVA,java,Runtime Error,0,0,261,0/5
s673392362,p02400,u814387366,1393135179,Java,JAVA,java,Runtime Error,0,0,266,0/5
s367019313,p02400,u814387366,1393135478,Java,JAVA,java,Accepted,50,18880,266,5/5
s140046057,p02400,u644653061,1393214711,Java,JAVA,java,Accepted,60,19036,235,5/5
s280166394,p02400,u285298145,1592231336,Java,JAVA,java,Accepted,60,24900,495,5/5
s700323504,p02400,u857831380,1591705698,Java,JAVA,java,Accepted,90,28304,346,5/5
s041563805,p02400,u160772730,1591235088,Java,JAVA,java,Accepted,90,27980,295,5/5
s773851880,p02400,u870829934,1590835361,Java,JAVA,java,Accepted,90,28128,330,5/5
s107307536,p02400,u971126392,1589673212,Java,JAVA,java,Accepted,90,28112,343,5/5
s596916728,p02400,u919241108,1589208586,Java,JAVA,java,Accepted,50,24676,580,5/5
s191051174,p02400,u687398929,1589177230,Java,JAVA,java,Accepted,50,24788,570,5/5
s816547961,p02400,u587469549,1589176396,Java,JAVA,java,Accepted,90,28252,352,5/5
s970267105,p02400,u601905335,1589175391,Java,JAVA,java,Accepted,90,28100,275,5/5
s240674303,p02400,u508568136,1589175203,Java,JAVA,java,Accepted,90,28348,235,5/5
s851802524,p02400,u232526440,1589173282,Java,JAVA,java,Accepted,80,28112,285,5/5
s172249530,p02400,u353855547,1585941219,Java,JAVA,java,Accepted,90,28104,227,5/5
s537609553,p02400,u575712140,1585322383,Java,JAVA,java,Accepted,90,28232,287,5/5
s470093340,p02400,u000099047,1583762532,Java,JAVA,java,Accepted,90,28264,397,5/5
s071768305,p02400,u800467831,1582976838,Java,JAVA,java,Accepted,100,28136,263,5/5
s250444081,p02400,u568275525,1575215322,Java,JAVA,java,Accepted,90,28048,283,5/5
s747584098,p02400,u707816212,1566008337,Java,JAVA,java,Accepted,60,28452,248,5/5
s764858859,p02400,u842821580,1565946544,Java,JAVA,java,Accepted,60,28268,346,5/5
s418922691,p02400,u499844471,1559819478,Java,JAVA,java,Accepted,30,24592,504,5/5
s121732955,p02400,u642174657,1554706684,Java,JAVA,java,Accepted,50,26408,333,5/5
s494816884,p02400,u191528184,1554705194,Java,JAVA,java,Accepted,60,28308,338,5/5
s568321003,p02400,u075627240,1554698414,Java,JAVA,java,Accepted,60,28424,306,5/5
s407238356,p02400,u490902542,1546639870,Java,JAVA,java,Accepted,50,26476,921,5/5
s263541552,p02400,u209041071,1544012324,Java,JAVA,java,Accepted,60,28188,221,5/5
s964844705,p02400,u205574338,1542814891,Java,JAVA,java,Accepted,60,28244,234,5/5
s477404205,p02400,u786225333,1538491321,Java,JAVA,java,Accepted,60,28336,257,5/5
s609292308,p02400,u884291095,1536172732,Java,JAVA,java,Accepted,60,28156,373,5/5
s999620453,p02400,u045215472,1533286795,Java,JAVA,java,Accepted,60,28296,383,5/5
s109833721,p02400,u417637556,1533094104,Java,JAVA,java,Accepted,70,28288,384,5/5
s625184453,p02400,u550290469,1531539222,Ruby,Ruby,rb,Accepted,40,6924,53,5/5
s427323376,p02400,u809272156,1535426497,Ruby,Ruby,rb,Wrong Answer,50,6856,85,0/5
s376555732,p02400,u677096240,1535437133,Ruby,Ruby,rb,Accepted,40,6884,133,5/5
s323232557,p02400,u973197167,1535523082,Ruby,Ruby,rb,Runtime Error,0,0,84,0/5
s308404125,p02400,u809272156,1535532272,Ruby,Ruby,rb,Wrong Answer,40,6888,57,0/5
s182330616,p02400,u809272156,1535532398,Ruby,Ruby,rb,Wrong Answer,40,6868,59,0/5
s899571981,p02400,u587994751,1535542217,Ruby,Ruby,rb,Wrong Answer,40,6876,110,0/5
s415934135,p02400,u311760265,1556088158,Ruby,Ruby,rb,Accepted,40,6888,90,5/5
s511811682,p02400,u470949294,1404806392,Ruby,Ruby,rb,Wrong Answer,20,6116,74,0/5
s269957486,p02400,u890794282,1413022467,Ruby,Ruby,rb,Accepted,20,6108,41,5/5
s713031734,p02400,u890794282,1413065710,Ruby,Ruby,rb,Accepted,20,6116,39,5/5
s954012835,p02400,u818936038,1413626405,Ruby,Ruby,rb,Accepted,20,6124,78,5/5
s007735054,p02400,u514597327,1414085894,Ruby,Ruby,rb,Accepted,20,6140,96,5/5
s786415023,p02400,u390149337,1414858503,Ruby,Ruby,rb,Wrong Answer,20,6104,77,0/5
s041239294,p02400,u364560197,1417965593,Ruby,Ruby,rb,Wrong Answer,20,6128,63,0/5
s700565712,p02400,u364560197,1417965655,Ruby,Ruby,rb,Accepted,20,6136,63,5/5
s967739617,p02400,u024069892,1418098283,Ruby,Ruby,rb,Accepted,20,6136,77,5/5
s880770735,p02400,u765748067,1418947045,Ruby,Ruby,rb,Wrong Answer,20,6120,86,0/5
s416275925,p02400,u765748067,1418947217,Ruby,Ruby,rb,Accepted,20,6152,86,5/5
s777615290,p02400,u324171823,1419389320,Ruby,Ruby,rb,Accepted,20,6120,71,5/5
s490617364,p02400,u376883550,1424089883,Ruby,Ruby,rb,Runtime Error,0,0,69,0/5
s695592891,p02400,u749501700,1424587726,Ruby,Ruby,rb,Accepted,20,6164,83,5/5
s291208655,p02400,u046695668,1428202673,Ruby,Ruby,rb,Wrong Answer,10,6116,118,0/5
s986837510,p02400,u307525591,1428291502,Ruby,Ruby,rb,Accepted,20,6120,101,5/5
s509698976,p02400,u458804662,1431810891,Ruby,Ruby,rb,Runtime Error,0,0,58,0/5
s058955282,p02400,u613519776,1433210387,Ruby,Ruby,rb,Wrong Answer,20,6120,53,0/5
s781765891,p02400,u087542469,1433404950,Ruby,Ruby,rb,Wrong Answer,20,6100,76,0/5
s008210563,p02400,u180931985,1434293777,Ruby,Ruby,rb,Accepted,20,6160,78,5/5
s290147959,p02400,u746531266,1434358038,Ruby,Ruby,rb,Accepted,20,6120,103,5/5
s109830770,p02400,u043406421,1434492085,Ruby,Ruby,rb,Wrong Answer,10,6108,76,0/5
s932371235,p02400,u043406421,1434492107,Ruby,Ruby,rb,Wrong Answer,20,6108,76,0/5
s058422472,p02400,u043406421,1434492181,Ruby,Ruby,rb,Wrong Answer,20,6116,76,0/5
s115535762,p02400,u043406421,1434494304,Ruby,Ruby,rb,Wrong Answer,10,6124,97,0/5
s334618986,p02400,u043406421,1434494389,Ruby,Ruby,rb,Wrong Answer,20,6128,89,0/5
s007805684,p02400,u648595404,1436003192,Ruby,Ruby,rb,Wrong Answer,20,6132,99,0/5
s833282151,p02400,u648595404,1436003451,Ruby,Ruby,rb,Wrong Answer,20,6176,112,0/5
s455133688,p02400,u648595404,1436003537,Ruby,Ruby,rb,Accepted,20,6164,97,5/5
s136863298,p02400,u209022771,1436248266,Ruby,Ruby,rb,Runtime Error,0,0,212,0/5
s046252955,p02400,u665389142,1437979927,Ruby,Ruby,rb,Wrong Answer,20,6108,103,0/5
s758392350,p02400,u903969464,1438328073,Ruby,Ruby,rb,Wrong Answer,10,6108,82,0/5
s823919474,p02400,u903969464,1438328165,Ruby,Ruby,rb,Wrong Answer,20,6116,84,0/5
s115815903,p02400,u024281398,1438334489,Ruby,Ruby,rb,Wrong Answer,20,6100,65,0/5
s396565857,p02400,u960296069,1438537558,Ruby,Ruby,rb,Wrong Answer,20,6128,186,0/5
s567120796,p02400,u960296069,1438537739,Ruby,Ruby,rb,Accepted,20,6148,186,5/5
s227427114,p02400,u575763144,1439019221,Ruby,Ruby,rb,Accepted,20,6124,85,5/5
s339523178,p02400,u569541270,1439728666,Ruby,Ruby,rb,Wrong Answer,20,6104,56,0/5
s265620225,p02400,u569541270,1439728694,Ruby,Ruby,rb,Runtime Error,0,0,59,0/5
s309078426,p02400,u960296069,1439876361,Ruby,Ruby,rb,Accepted,40,8748,133,5/5
s177992142,p02400,u045588362,1440981117,Ruby,Ruby,rb,Wrong Answer,40,8608,58,0/5
s654692872,p02400,u750346935,1441287187,Ruby,Ruby,rb,Runtime Error,0,0,106,0/5
s772398054,p02400,u750346935,1441287611,Ruby,Ruby,rb,Wrong Answer,40,8664,95,0/5
s216523784,p02400,u600321313,1441827387,Ruby,Ruby,rb,Runtime Error,0,0,96,0/5
s498116253,p02400,u600321313,1441827554,Ruby,Ruby,rb,Accepted,40,8692,118,5/5
s349772590,p02400,u087773362,1441827652,Ruby,Ruby,rb,Wrong Answer,40,8900,116,0/5
s275598578,p02400,u087773362,1441827679,Ruby,Ruby,rb,Wrong Answer,60,8764,83,0/5
s130038518,p02400,u364253163,1442395200,Ruby,Ruby,rb,Accepted,40,8568,71,5/5
s686154221,p02400,u219652952,1443253849,Ruby,Ruby,rb,Wrong Answer,40,8572,81,0/5
s782581788,p02400,u219652952,1443254023,Ruby,Ruby,rb,Wrong Answer,70,8652,81,0/5
s124245676,p02400,u219652952,1443254287,Ruby,Ruby,rb,Wrong Answer,40,8660,82,0/5
s085479518,p02400,u261074410,1443510074,Ruby,Ruby,rb,Wrong Answer,70,8660,67,3/5
s432605197,p02400,u261074410,1443520157,Ruby,Ruby,rb,Accepted,40,8720,60,5/5
s635649089,p02400,u361501341,1444205544,Ruby,Ruby,rb,Accepted,80,8708,62,5/5
s061574257,p02400,u281180011,1444463752,Ruby,Ruby,rb,Runtime Error,0,0,85,0/5
s676185817,p02400,u281180011,1444463815,Ruby,Ruby,rb,Runtime Error,0,0,85,0/5
s069253907,p02400,u281180011,1444464401,Ruby,Ruby,rb,Accepted,40,8704,77,5/5
s761637137,p02400,u709642619,1445352176,Ruby,Ruby,rb,Accepted,40,8652,134,5/5
s261080932,p02400,u559743044,1445401676,Ruby,Ruby,rb,Accepted,40,8632,116,5/5
s566855797,p02400,u139670451,1446294127,Ruby,Ruby,rb,Wrong Answer,60,8628,76,0/5
s341602420,p02400,u861698758,1446724079,Ruby,Ruby,rb,Accepted,80,8744,68,5/5
s058203501,p02400,u854587684,1446861571,Ruby,Ruby,rb,Accepted,40,8680,81,5/5
s110041373,p02400,u641479950,1450081599,Ruby,Ruby,rb,Accepted,60,8664,138,5/5
s137620960,p02400,u556326323,1450804183,Ruby,Ruby,rb,Accepted,40,8680,72,5/5
s783016957,p02400,u425445183,1453130339,Ruby,Ruby,rb,Wrong Answer,40,8628,119,0/5
s588665200,p02400,u141917820,1453620964,Ruby,Ruby,rb,Wrong Answer,40,8696,125,0/5
s790160146,p02400,u281257618,1453636718,Ruby,Ruby,rb,Runtime Error,0,0,41,0/5
s025617915,p02400,u281257618,1453636755,Ruby,Ruby,rb,Wrong Answer,40,8628,59,0/5
s157766144,p02400,u281257618,1453637445,Ruby,Ruby,rb,Wrong Answer,80,8716,92,3/5
s377684002,p02400,u281257618,1453637461,Ruby,Ruby,rb,Wrong Answer,40,8676,94,3/5
s551370066,p02400,u281257618,1453637762,Ruby,Ruby,rb,Accepted,80,8640,96,5/5
s238995527,p02400,u621074293,1453833858,Ruby,Ruby,rb,Accepted,40,8672,61,5/5
s254557071,p02400,u702839660,1454641380,Ruby,Ruby,rb,Runtime Error,0,0,85,0/5
s693495638,p02400,u876514616,1454952595,Ruby,Ruby,rb,Wrong Answer,40,8728,258,0/5
s492504239,p02400,u981139449,1458036554,Ruby,Ruby,rb,Accepted,40,8636,67,5/5
s158291049,p02400,u103323128,1459239702,Ruby,Ruby,rb,Wrong Answer,40,8448,64,0/5
s651969209,p02400,u843848664,1460688409,Ruby,Ruby,rb,Wrong Answer,40,8556,53,0/5
s183128989,p02400,u843848664,1460688472,Ruby,Ruby,rb,Accepted,40,8624,53,5/5
s065709353,p02400,u247371045,1460902310,Ruby,Ruby,rb,Accepted,30,8664,93,5/5
s043629402,p02400,u186082958,1461107945,Ruby,Ruby,rb,Wrong Answer,30,8632,57,0/5
s941802236,p02400,u186082958,1461107958,Ruby,Ruby,rb,Wrong Answer,30,8512,57,0/5
s229959181,p02400,u359764315,1461941484,Ruby,Ruby,rb,Accepted,40,8808,136,5/5
s805818534,p02400,u842023186,1462179469,Ruby,Ruby,rb,Wrong Answer,40,8604,53,0/5
s033336911,p02400,u246839594,1463101656,Ruby,Ruby,rb,Accepted,40,8684,88,5/5
s527946116,p02400,u393619373,1463666348,Ruby,Ruby,rb,Runtime Error,0,0,76,0/5
s742830740,p02400,u914140574,1464605239,Ruby,Ruby,rb,Accepted,40,8756,65,5/5
s626633336,p02400,u801535964,1465467336,Ruby,Ruby,rb,Wrong Answer,40,8624,132,0/5
s564602485,p02400,u801535964,1465467816,Ruby,Ruby,rb,Wrong Answer,40,8608,175,0/5
s834730023,p02400,u801535964,1465468184,Ruby,Ruby,rb,Wrong Answer,40,8664,157,0/5
s874581218,p02400,u288794654,1465468384,Ruby,Ruby,rb,Wrong Answer,40,8436,89,0/5
s666571959,p02400,u294922877,1467212260,Ruby,Ruby,rb,Accepted,40,8748,66,5/5
s649324924,p02400,u456179450,1468114728,Ruby,Ruby,rb,Accepted,40,8664,83,5/5
s964439793,p02400,u232170203,1476862886,Ruby,Ruby,rb,Wrong Answer,30,8728,79,0/5
s852212914,p02400,u232170203,1476863006,Ruby,Ruby,rb,Runtime Error,0,0,88,0/5
s401377437,p02400,u508732591,1479263419,Ruby,Ruby,rb,Accepted,30,8608,56,5/5
s892148755,p02400,u665389142,1480196715,Ruby,Ruby,rb,Accepted,50,8856,64,5/5
s195525453,p02400,u791170614,1482067810,Ruby,Ruby,rb,Wrong Answer,50,8676,139,0/5
s917925351,p02400,u407138207,1483041255,Ruby,Ruby,rb,Runtime Error,0,0,62,0/5
s106467627,p02400,u407138207,1483187112,Ruby,Ruby,rb,Runtime Error,0,0,82,0/5
s882598318,p02400,u407138207,1483282326,Ruby,Ruby,rb,Wrong Answer,40,8664,73,0/5
s496291651,p02400,u605365762,1487755713,Ruby,Ruby,rb,Wrong Answer,40,8776,109,0/5
s137902711,p02400,u624893585,1487756703,Ruby,Ruby,rb,Accepted,40,8712,93,5/5
s588478556,p02400,u166301467,1487772796,Ruby,Ruby,rb,Wrong Answer,40,8512,52,0/5
s550976558,p02400,u166301467,1487773044,Ruby,Ruby,rb,Runtime Error,0,0,64,0/5
s806427622,p02400,u166301467,1487773580,Ruby,Ruby,rb,Runtime Error,0,0,58,0/5
s129869000,p02400,u166301467,1487773879,Ruby,Ruby,rb,Accepted,40,8716,92,5/5
s071901949,p02400,u723368439,1488369882,Ruby,Ruby,rb,Wrong Answer,40,8544,106,0/5
s615536711,p02400,u723368439,1488370271,Ruby,Ruby,rb,Wrong Answer,40,8576,106,0/5
s445934715,p02400,u723368439,1488370297,Ruby,Ruby,rb,Wrong Answer,30,8584,124,0/5
s049867018,p02400,u723368439,1488376008,Ruby,Ruby,rb,Accepted,30,8712,141,5/5
s112908218,p02400,u279605379,1493174689,Ruby,Ruby,rb,Wrong Answer,40,8584,44,0/5
s407971480,p02400,u279605379,1493174776,Ruby,Ruby,rb,Wrong Answer,50,8588,49,3/5
s201242163,p02400,u279605379,1493174785,Ruby,Ruby,rb,Wrong Answer,30,8596,50,3/5
s026470419,p02400,u279605379,1493175147,Ruby,Ruby,rb,Accepted,40,8600,44,5/5
s386032887,p02400,u256874901,1494514700,Ruby,Ruby,rb,Accepted,40,8676,56,5/5
s317635287,p02400,u338661979,1495021596,Ruby,Ruby,rb,Wrong Answer,40,8640,179,0/5
s682700952,p02400,u338661979,1495021848,Ruby,Ruby,rb,Accepted,40,8708,78,5/5
s015162759,p02400,u656368260,1495291180,Ruby,Ruby,rb,Accepted,40,8672,53,5/5
s534203706,p02400,u517018006,1495767264,Ruby,Ruby,rb,Accepted,30,8664,63,5/5
s208153106,p02400,u213421924,1496299586,Ruby,Ruby,rb,Wrong Answer,30,8644,82,0/5
s424180529,p02400,u213421924,1496299945,Ruby,Ruby,rb,Accepted,50,8656,82,5/5
s030550084,p02400,u932376477,1496625953,Ruby,Ruby,rb,Wrong Answer,40,8776,105,0/5
s887702929,p02400,u932376477,1496626155,Ruby,Ruby,rb,Runtime Error,0,0,105,0/5
s228974215,p02400,u932376477,1496626661,Ruby,Ruby,rb,Wrong Answer,40,8552,86,0/5
s604999729,p02400,u932376477,1496635421,Ruby,Ruby,rb,Wrong Answer,40,8672,117,0/5
s354336242,p02400,u932376477,1496635455,Ruby,Ruby,rb,Accepted,40,8780,122,5/5
s141268153,p02400,u906710658,1496909139,Ruby,Ruby,rb,Wrong Answer,40,8708,385,0/5
s299981339,p02400,u564705672,1501998371,Ruby,Ruby,rb,Wrong Answer,40,8504,83,0/5
s819663540,p02400,u564705672,1501998927,Ruby,Ruby,rb,Wrong Answer,40,8728,130,0/5
s558381925,p02400,u295404099,1502096261,Ruby,Ruby,rb,Wrong Answer,40,8608,75,0/5
s001052831,p02400,u720435069,1507302512,Ruby,Ruby,rb,Accepted,50,8632,86,5/5
s105893301,p02400,u723368439,1508499824,Ruby,Ruby,rb,Wrong Answer,60,8708,103,0/5
s741279564,p02400,u723368439,1508499895,Ruby,Ruby,rb,Wrong Answer,30,8756,112,0/5
s839354169,p02400,u723368439,1508499931,Ruby,Ruby,rb,Wrong Answer,40,8840,113,0/5
s236400599,p02400,u723368439,1508499999,Ruby,Ruby,rb,Wrong Answer,40,8792,113,0/5
s688905694,p02400,u723368439,1508500005,Ruby,Ruby,rb,Accepted,40,8872,113,5/5
s842999274,p02400,u067629267,1511102985,Ruby,Ruby,rb,Accepted,50,8756,58,5/5
s393735409,p02400,u717782380,1513065008,Ruby,Ruby,rb,Accepted,40,6888,91,5/5
s029752707,p02400,u251341266,1513995606,Ruby,Ruby,rb,Wrong Answer,50,6868,62,0/5
s359423017,p02400,u401720175,1514027191,Ruby,Ruby,rb,Wrong Answer,40,6872,95,0/5
s412766865,p02400,u274307745,1515155913,Ruby,Ruby,rb,Runtime Error,0,0,93,0/5
s943511105,p02400,u274307745,1515156145,Ruby,Ruby,rb,Runtime Error,0,0,105,0/5
s664723959,p02400,u274307745,1515156187,Ruby,Ruby,rb,Accepted,40,6876,99,5/5
s126224583,p02400,u350127362,1516702983,Ruby,Ruby,rb,Wrong Answer,40,6916,90,3/5
s780516359,p02400,u350127362,1516703155,Ruby,Ruby,rb,Accepted,40,8940,84,5/5
s573891502,p02400,u117001632,1517167849,Ruby,Ruby,rb,Wrong Answer,50,6864,98,0/5
s337998493,p02400,u117001632,1517168125,Ruby,Ruby,rb,Wrong Answer,40,6872,108,0/5
s613964432,p02400,u117001632,1517168259,Ruby,Ruby,rb,Accepted,50,6872,210,5/5
s133880617,p02400,u378480414,1520165319,Ruby,Ruby,rb,Accepted,40,6908,115,5/5
s302766494,p02400,u483014949,1521268502,Ruby,Ruby,rb,Wrong Answer,50,6864,108,0/5
s228624090,p02400,u087014397,1524028355,Ruby,Ruby,rb,Wrong Answer,40,6900,73,0/5
s201648307,p02400,u087014397,1524028410,Ruby,Ruby,rb,Wrong Answer,40,6872,73,0/5
s724526561,p02400,u087014397,1524028765,Ruby,Ruby,rb,Wrong Answer,40,6880,66,0/5
s753148658,p02400,u236620240,1524400829,Ruby,Ruby,rb,Wrong Answer,40,6860,180,0/5
s678383484,p02400,u928503227,1525048141,Ruby,Ruby,rb,Accepted,50,8908,88,5/5
s179265577,p02400,u732447686,1526062072,Ruby,Ruby,rb,Wrong Answer,50,6904,125,0/5
s741390988,p02400,u534156032,1528556485,Ruby,Ruby,rb,Wrong Answer,40,6860,80,0/5
s039575415,p02400,u352522848,1528803287,Ruby,Ruby,rb,Accepted,40,8920,68,5/5
s910720955,p02400,u092736322,1529552120,Ruby,Ruby,rb,Accepted,40,6880,76,5/5
s330550515,p02400,u348879714,1375837396,Ruby,Ruby,rb,Accepted,20,6140,78,5/5
s469353101,p02400,u786355593,1384184982,Ruby,Ruby,rb,Accepted,20,6124,75,5/5
s452038845,p02400,u924816735,1391352118,Ruby,Ruby,rb,Accepted,20,6116,90,5/5
s419747446,p02400,u848559856,1393320959,Ruby,Ruby,rb,Wrong Answer,20,6112,77,0/5
s318356011,p02400,u517414491,1397236833,Ruby,Ruby,rb,Accepted,20,6132,57,5/5
s345661977,p02400,u556018816,1596905322,Ruby,Ruby,rb,Accepted,50,6876,79,5/5
s360592571,p02400,u840025325,1596867232,Ruby,Ruby,rb,Accepted,40,6888,84,5/5
s156507515,p02400,u795977375,1596708261,Ruby,Ruby,rb,Accepted,50,6872,65,5/5
s768666190,p02400,u705362510,1593274392,Ruby,Ruby,rb,Accepted,40,6876,69,5/5
s917343631,p02400,u016919094,1591687616,Ruby,Ruby,rb,Accepted,40,6872,53,5/5
s842820232,p02400,u254862131,1588862810,Ruby,Ruby,rb,Accepted,40,6880,106,5/5
s941663270,p02400,u086539170,1585230992,Ruby,Ruby,rb,Accepted,50,6904,98,5/5
s831056648,p02400,u235485197,1585193425,Ruby,Ruby,rb,Accepted,40,6876,113,5/5
s293979333,p02400,u004224795,1582523281,Ruby,Ruby,rb,Accepted,40,6896,94,5/5
s775134513,p02400,u649549332,1582284359,Ruby,Ruby,rb,Accepted,40,6896,97,5/5
s919664052,p02400,u673030919,1581432296,Ruby,Ruby,rb,Accepted,40,6876,67,5/5
s819332124,p02400,u541309909,1578206969,Ruby,Ruby,rb,Accepted,50,6900,87,5/5
s277137190,p02400,u300970828,1570838366,Ruby,Ruby,rb,Accepted,40,6904,97,5/5
s942744533,p02400,u038184454,1569426394,Ruby,Ruby,rb,Accepted,50,6888,88,5/5
s020113336,p02400,u269529745,1566281230,Ruby,Ruby,rb,Accepted,40,6884,114,5/5
s828721508,p02400,u452179701,1562943177,Ruby,Ruby,rb,Accepted,40,6876,55,5/5
s868702602,p02400,u702976658,1560957254,Ruby,Ruby,rb,Accepted,40,6884,72,5/5
s992577749,p02400,u156659396,1558666818,Ruby,Ruby,rb,Accepted,40,6872,62,5/5
s484267096,p02400,u935022277,1553881941,Ruby,Ruby,rb,Accepted,40,6888,54,5/5
s819343976,p02400,u984892564,1553015849,Ruby,Ruby,rb,Accepted,40,6884,68,5/5
s841710978,p02400,u242357832,1549399943,Ruby,Ruby,rb,Accepted,40,6896,73,5/5
s596961760,p02400,u036194084,1547852079,Ruby,Ruby,rb,Accepted,50,6884,72,5/5
s845948724,p02400,u386359562,1546780213,Ruby,Ruby,rb,Accepted,50,6916,88,5/5
s127983870,p02400,u669734005,1544749775,Ruby,Ruby,rb,Accepted,50,6904,59,5/5
s201591105,p02400,u970700157,1541912925,Ruby,Ruby,rb,Accepted,40,6884,62,5/5
s306263451,p02400,u353994935,1538641246,Ruby,Ruby,rb,Accepted,40,8900,53,5/5
s018067582,p02400,u824419032,1532857860,Ruby,Ruby,rb,Accepted,40,6880,112,5/5
s411956617,p02400,u142551424,1532845429,Ruby,Ruby,rb,Accepted,40,6876,87,5/5
