File,LoopNumber,LoopNestingDepth,ExitBranches,InstCount,ArrayAccesses,CompToZero,CompToConst,IntComp,FloatComp,DoubleComp,PtrComp,NullPtrComp,MemAccesses,Expressions,IfStmts,FuncCalls,Assignments,MinArrSize,MaxArrSize,NumBlocks,CyclomaticComplexity
s759266701.c,0,1,2,18,7,3,3,3,0,0,0,0,7,6,2,0,1,0,0,5,3
s759266701.c,1,1,2,18,7,3,3,3,0,0,0,0,7,6,2,0,1,0,0,5,3
s124030628.c,0,1,1,12,8,1,1,1,0,0,0,0,8,2,0,0,3,0,0,2,2
s292978707.c,0,1,1,25,7,0,1,1,0,0,0,0,7,2,0,3,1,3,3,7,4
s995457339.c,0,1,0,22,12,1,1,1,0,0,0,0,12,4,1,1,6,0,0,5,3
s995457339.c,1,2,1,11,5,1,1,1,0,0,0,0,5,3,0,0,2,0,0,3,2
s096936304.c,0,1,1,27,14,0,0,1,0,0,0,0,14,4,0,0,3,0,0,3,2
s096936304.c,1,1,1,22,9,0,0,2,0,0,0,0,9,4,1,2,1,0,0,5,3
s123397696.c,0,1,1,13,6,0,0,1,0,0,0,0,6,2,0,0,2,1000,1000,3,2
s123397696.c,1,1,1,20,7,0,0,2,0,0,0,0,7,4,1,1,1,1000,1000,5,3
s413125943.c,0,1,1,13,6,0,0,1,0,0,0,0,6,2,0,0,2,10000,10000,3,2
s413125943.c,1,1,1,18,6,2,2,2,0,0,0,0,6,3,1,2,1,10000,10000,5,3
s241725187.c,0,1,1,33,11,0,3,3,0,0,0,0,11,4,2,0,3,4,4,8,4
s406174553.c,0,1,1,22,10,2,2,3,0,0,0,0,10,6,2,0,2,0,0,6,4
nested_loop_triangle.c,0,1,1,23,11,0,1,2,0,0,0,0,11,5,1,0,4,0,0,7,3
nested_loop_triangle.c,1,2,1,13,7,0,0,1,0,0,0,0,7,3,0,0,2,0,0,3,2
s986938136.c,0,1,1,13,6,0,0,1,0,0,0,0,6,2,0,0,2,0,0,3,2
s986938136.c,1,1,1,21,9,0,0,1,0,0,0,0,9,5,0,0,2,0,0,3,2
s986938136.c,2,1,1,23,8,0,0,2,0,0,0,0,8,4,1,3,1,0,0,6,3
s191110999.c,0,1,1,12,8,1,1,1,0,0,0,0,8,2,0,0,3,0,0,2,2
s392817745.c,0,1,1,13,6,0,0,1,0,0,0,0,6,2,0,0,2,0,0,3,2
s392817745.c,1,1,1,50,25,0,0,3,0,0,0,0,25,5,2,1,8,0,0,9,4
s392817745.c,2,2,1,22,10,0,0,2,0,0,0,0,10,3,1,0,2,0,0,5,3
s541773752.c,0,1,1,33,11,0,3,3,0,0,0,0,11,4,2,0,3,4,4,8,4
s171325997.c,0,1,1,13,6,0,0,1,0,0,0,0,6,2,0,0,2,0,0,3,2
s171325997.c,1,1,1,13,5,1,1,1,0,0,0,0,5,2,0,1,1,0,0,3,2
s381098691.c,0,1,1,12,8,1,1,1,0,0,0,0,8,2,0,0,3,0,0,2,2
s074005681.c,0,1,1,58,21,1,5,5,0,0,0,0,21,9,4,0,6,10,10,11,6
s417091464.c,0,1,1,21,6,0,3,3,0,0,0,0,6,4,2,2,2,0,0,7,4
s140049181.c,0,1,1,34,16,0,1,2,0,0,0,0,16,7,1,1,5,400,400,6,3
s140049181.c,1,2,1,10,5,0,1,1,0,0,0,0,5,3,0,0,2,0,0,2,2
s623412650.c,0,1,1,56,23,2,4,4,0,0,0,0,23,9,3,0,7,11,11,9,5
s413888111.c,0,1,1,13,5,1,1,1,0,0,0,0,5,2,0,1,1,100,100,3,2
do_while_loop.c,0,1,1,11,6,0,1,1,0,0,0,0,6,3,1,0,2,0,0,2,2
s075999132.c,0,1,1,25,9,0,2,2,0,0,0,0,9,3,1,0,3,4,4,6,3
s867761266.c,0,1,1,13,6,0,0,1,0,0,0,0,6,2,0,0,2,200000,200000,3,2
s867761266.c,1,1,1,42,19,0,0,4,0,0,0,0,19,6,3,1,5,200000,200000,12,5
s867761266.c,2,2,1,28,12,0,0,3,0,0,0,0,12,4,2,0,2,200000,200000,8,4
s007487668.c,0,1,1,26,12,0,0,2,0,0,0,0,12,3,1,0,3,0,0,5,3
s007487668.c,1,1,1,27,13,0,0,2,0,0,0,0,13,3,1,0,3,0,0,5,3
s007487668.c,2,1,1,19,8,0,0,2,0,0,0,0,8,3,1,2,1,0,0,6,3
s757676883.c,0,1,1,13,6,0,0,1,0,0,0,0,6,2,0,0,2,0,0,3,2
s757676883.c,1,1,1,32,12,0,0,2,0,0,0,0,12,8,1,2,1,0,0,6,3
s984554891.c,0,1,0,22,12,1,1,1,0,0,0,0,12,4,1,1,6,0,0,5,3
s984554891.c,1,2,1,11,5,1,1,1,0,0,0,0,5,3,0,0,2,0,0,3,2
s939749228.c,0,1,1,12,8,1,1,1,0,0,0,0,8,2,0,0,3,0,0,2,2
s444364067.c,0,1,1,13,6,0,0,1,0,0,0,0,6,2,0,0,2,100,100,3,2
s444364067.c,1,1,1,23,8,2,2,2,0,0,0,0,8,3,1,2,1,100,100,6,3
s923020594.c,0,1,1,28,15,0,1,2,0,0,0,0,15,6,1,1,7,0,0,6,3
s923020594.c,1,2,1,10,5,0,0,1,0,0,0,0,5,3,0,0,2,0,0,2,2
s742301625.c,0,1,1,15,8,0,0,1,0,0,0,0,8,2,0,0,3,1000,1000,3,2
s742301625.c,1,1,1,17,7,0,0,1,0,0,0,0,7,4,0,1,1,1000,1000,3,2
s043583973.c,0,1,1,31,11,0,3,3,0,0,0,0,11,4,2,0,3,3,3,8,4
s038406916.c,0,1,1,51,17,1,3,4,0,0,0,0,17,8,3,1,7,10,10,11,5
s837501001.c,0,1,1,12,8,1,1,1,0,0,0,0,8,2,0,0,3,0,0,2,2
s138919285.c,0,1,1,15,8,0,0,1,0,0,0,0,8,2,0,0,3,0,0,3,2
s138919285.c,1,1,1,21,6,2,2,2,0,0,0,0,6,6,1,2,1,0,0,5,3
s500641213.c,0,1,1,52,20,1,3,4,0,0,0,0,20,10,3,0,6,11,11,9,5
s500641213.c,1,1,1,15,6,0,0,1,0,0,0,0,6,2,0,1,1,11,11,3,2
s390861467.c,0,1,1,19,5,0,2,2,0,0,0,0,5,3,1,2,1,4,4,6,3
s955701110.c,0,1,1,24,12,0,0,2,0,0,0,0,12,3,1,0,2,0,0,5,3
s955701110.c,0,1,1,13,6,0,0,1,0,0,0,0,6,2,0,0,2,200000,200000,3,2
s955701110.c,1,1,1,27,13,0,0,1,0,0,0,0,13,2,0,2,4,200000,200000,3,2
s053381768.c,0,1,1,33,11,0,3,3,0,0,0,0,11,4,2,0,3,4,4,8,4
s731264902.c,0,1,1,10,5,1,1,1,0,0,0,0,5,3,0,0,2,0,0,2,2
s730857792.c,0,1,1,13,6,0,0,1,0,0,0,0,6,2,0,0,2,100000,100000,3,2
s730857792.c,1,1,1,18,6,2,2,2,0,0,0,0,6,3,1,2,1,100000,100000,5,3
s510801606.c,0,1,1,20,6,0,1,2,0,0,0,0,6,3,1,2,1,100001,100001,6,3
s802077761.c,0,1,1,23,12,0,1,1,0,0,0,0,12,4,0,2,6,0,0,3,2
s779091986.c,0,1,1,13,6,0,0,1,0,0,0,0,6,2,0,0,2,10000,10000,3,2
s779091986.c,1,1,1,23,8,2,2,2,0,0,0,0,8,3,1,2,1,10000,10000,6,3
s382605983.c,0,1,1,47,21,0,0,3,0,0,0,0,21,4,2,2,5,0,0,8,4
s382605983.c,1,1,1,22,9,0,0,2,0,0,0,0,9,3,1,2,1,0,0,6,3
s633440299.c,0,1,1,13,6,0,0,1,0,0,0,0,6,2,0,0,2,20001,20001,3,2
s633440299.c,1,1,1,40,19,0,0,4,0,0,0,0,19,6,3,1,5,20001,20001,10,5
s633440299.c,2,2,1,26,12,0,0,3,0,0,0,0,12,4,2,0,2,20001,20001,6,4
s710437246.c,0,1,1,12,6,0,0,1,0,0,0,0,6,2,0,0,2,100,100,2,2
s710437246.c,1,1,1,21,7,2,2,2,0,0,0,0,7,3,1,2,1,100,100,6,3
s071490071.c,0,1,1,12,5,0,1,1,0,0,0,0,5,2,0,0,2,11,11,3,2
s071490071.c,1,1,1,54,21,2,4,4,0,0,0,0,21,8,3,0,7,11,11,10,5
s435021015.c,0,1,1,37,20,0,0,3,0,0,0,0,20,4,2,0,5,0,0,8,4
s435021015.c,1,1,1,23,10,0,0,2,0,0,0,0,10,3,1,2,1,0,0,6,3
s061399600.c,0,1,1,15,7,0,0,1,0,0,0,0,7,5,0,0,2,0,0,3,2
s997082298.c,0,1,1,13,6,0,0,1,0,0,0,0,6,2,0,0,2,100,100,3,2
s997082298.c,1,1,1,13,5,1,1,1,0,0,0,0,5,2,0,1,1,100,100,3,2
s765429652.c,0,1,1,26,12,1,5,5,0,0,0,0,12,6,4,0,3,0,0,7,6
s833843585.c,0,1,1,11,7,1,1,1,0,0,0,0,7,2,0,0,3,0,0,2,2
s135296923.c,0,1,1,55,19,2,4,4,0,0,0,0,19,9,3,0,7,100,100,11,5
s155431351.c,0,1,1,37,20,0,0,3,0,0,0,0,20,4,2,0,5,0,0,8,4
s155431351.c,1,1,1,23,10,0,0,2,0,0,0,0,10,3,1,2,1,0,0,6,3
s724635599.c,0,1,1,13,6,0,0,1,0,0,0,0,6,2,0,0,2,100,100,3,2
s724635599.c,1,1,1,18,6,2,2,2,0,0,0,0,6,3,1,2,1,100,100,5,3
s505090979.c,0,1,1,18,6,1,1,1,2,0,0,0,6,5,0,1,3,0,0,4,2
s505090979.c,1,1,2,20,7,0,1,1,0,1,0,0,7,5,1,1,2,0,0,5,2
s043826635.c,0,1,1,10,3,0,2,2,0,0,0,0,3,2,2,0,1,0,0,4,3
s043826635.c,1,1,1,29,10,0,2,3,0,0,0,0,10,4,2,0,2,0,0,8,4
s043826635.c,2,2,1,19,6,0,2,2,0,0,0,0,6,2,2,0,1,0,0,4,3
s043826635.c,3,1,1,37,18,0,0,4,0,0,0,0,18,6,3,1,5,0,0,10,5
s043826635.c,4,2,1,23,11,0,0,3,0,0,0,0,11,4,2,0,2,0,0,6,4
s733258895.c,0,1,1,19,5,0,2,2,0,0,0,0,5,3,1,2,1,4,4,6,3
s582779459.c,0,1,1,13,6,0,0,1,0,0,0,0,6,2,0,0,2,100,100,3,2
s582779459.c,1,1,1,13,5,1,1,1,0,0,0,0,5,2,0,1,1,100,100,3,2
s358709174.c,0,1,1,26,10,2,3,3,0,0,0,0,10,3,2,2,2,0,0,7,4
s358709174.c,1,1,1,29,8,1,1,2,0,0,0,0,8,6,1,1,1,0,0,5,3
s120982406.c,0,1,1,34,10,1,3,3,0,0,0,0,10,5,2,1,1,11,11,6,4
s621217042.c,0,1,1,48,20,1,5,5,0,0,0,0,20,8,4,0,7,11,11,10,6
s681331973.c,0,1,1,55,20,3,5,5,0,0,0,0,20,8,4,0,5,11,11,10,6
s681331973.c,1,1,1,26,8,1,2,2,0,0,0,0,8,3,1,1,1,11,11,5,3
s838724308.c,0,1,1,15,3,0,0,0,0,0,1,1,3,2,0,4,0,0,0,2,2
s923036468.c,0,1,1,13,6,0,0,1,0,0,0,0,6,2,0,0,2,0,0,3,2
s923036468.c,1,1,1,13,5,0,1,1,0,0,0,0,5,2,0,1,1,0,0,3,2
s297734342.c,0,1,1,40,16,0,3,3,0,0,0,0,16,6,2,0,5,3,3,8,4
s297734342.c,1,1,1,13,5,1,1,1,0,0,0,0,5,2,0,1,1,3,3,3,2
s368608089.c,0,1,1,40,13,0,4,4,0,0,0,0,13,5,3,0,3,4,4,9,5
s583595389.c,0,1,1,43,19,2,3,3,0,0,0,0,19,8,2,0,7,15,15,7,4
s022699609.c,0,1,1,16,9,2,2,2,0,0,0,0,9,3,1,0,3,0,0,4,3
s962784239.c,0,1,1,13,6,0,0,1,0,0,0,0,6,2,0,0,2,200000,200000,3,2
s962784239.c,1,1,1,61,28,0,1,4,0,0,0,0,28,7,3,0,7,200000,200000,11,5
s962784239.c,2,2,1,49,23,0,0,3,0,0,0,0,23,4,2,0,5,200000,200000,7,4
s962784239.c,3,1,1,25,10,0,0,3,0,0,0,0,10,4,2,2,1,200000,200000,7,4
s560751683.c,0,1,1,26,12,0,0,2,0,0,0,0,12,3,1,0,3,200000010,200000010,5,3
s560751683.c,1,1,1,29,13,0,0,3,0,0,0,0,13,4,2,0,2,200000010,200000010,6,4
s560751683.c,2,1,1,29,11,1,1,3,0,0,0,0,11,4,2,3,1,200000010,200000010,9,4
s831942308.c,0,1,1,13,6,0,0,1,0,0,0,0,6,2,0,0,2,100,100,3,2
s831942308.c,1,1,1,22,8,1,1,2,0,0,0,0,8,5,1,2,1,100,100,5,3
s466651661.c,0,1,1,12,8,1,1,1,0,0,0,0,8,2,0,0,3,0,0,2,2
s103899892.c,0,1,1,33,11,0,3,3,0,0,0,0,11,4,2,0,3,6,6,8,4
s287786626.c,0,1,1,30,17,0,0,2,0,0,0,0,17,3,1,0,4,0,0,4,3
s287786626.c,1,1,1,27,14,0,0,3,0,0,0,0,14,4,2,0,2,0,0,5,4
s287786626.c,2,1,1,18,8,0,0,2,0,0,0,0,8,3,1,2,1,0,0,5,3
s672670768.c,0,1,1,12,8,1,1,1,0,0,0,0,8,2,0,0,3,0,0,2,2
s062964579.c,0,1,1,13,8,1,1,1,0,0,0,0,8,2,0,0,3,0,0,3,2
s204331061.c,0,1,1,13,6,0,0,1,0,0,0,0,6,2,0,0,2,0,0,3,2
s204331061.c,1,1,1,13,5,1,1,1,0,0,0,0,5,2,0,1,1,0,0,3,2
s840837231.c,0,1,1,26,12,0,0,2,0,0,0,0,12,3,1,0,3,2000010,2000010,5,3
s840837231.c,1,1,1,29,13,0,0,3,0,0,0,0,13,4,2,0,2,2000010,2000010,6,4
s840837231.c,2,1,1,29,11,1,1,3,0,0,0,0,11,4,2,3,1,2000010,2000010,9,4
s082755930.c,0,1,1,25,13,1,2,2,0,0,0,0,13,5,1,1,6,0,0,6,3
s082755930.c,1,2,1,11,5,0,1,1,0,0,0,0,5,3,0,0,2,0,0,3,2
s476886929.c,0,1,1,42,20,0,0,3,0,0,0,0,20,4,2,0,5,200005,200005,8,4
s476886929.c,1,1,1,22,9,0,0,2,0,0,0,0,9,3,1,2,1,200005,200005,6,3
s808960964.c,0,1,1,25,12,1,2,2,0,0,0,0,12,5,1,2,4,0,0,6,3
s808960964.c,1,2,1,11,5,1,1,1,0,0,0,0,5,3,0,0,2,0,0,3,2
s170894514.c,0,1,1,12,8,1,1,1,0,0,0,0,8,2,0,0,3,0,0,2,2
s068513053.c,0,1,1,22,10,2,2,3,0,0,0,0,10,6,2,0,2,0,0,6,4
s329525912.c,0,1,1,12,5,0,1,1,0,0,0,0,5,2,0,0,2,11,11,3,2
s329525912.c,1,1,2,54,19,1,6,6,0,0,0,0,19,9,5,0,4,11,11,13,6
s329525912.c,2,1,1,15,6,0,0,1,0,0,0,0,6,2,0,1,1,11,11,3,2
s520308581.c,0,1,1,13,6,0,0,1,0,0,0,0,6,2,0,0,2,100,100,3,2
s520308581.c,1,1,1,13,5,1,1,1,0,0,0,0,5,2,0,1,1,100,100,3,2
s638896434.c,0,1,1,43,16,2,2,2,0,0,0,0,16,6,1,0,7,11,11,9,6
s099384072.c,0,1,1,18,10,0,0,1,0,0,0,0,10,2,0,0,3,0,0,3,2
s099384072.c,1,1,1,28,11,0,1,3,0,0,0,0,11,4,2,3,1,0,0,9,4
s086939680.c,0,1,1,13,6,0,0,1,0,0,0,0,6,2,0,0,2,1000,1000,3,2
s086939680.c,1,1,1,19,9,1,1,1,0,0,0,0,9,3,0,0,3,1000,1000,3,2
s086939680.c,2,1,1,21,8,0,0,2,0,0,0,0,8,4,1,2,1,1000,1000,5,3
s724441841.c,0,1,1,36,11,0,2,3,0,0,0,0,11,4,2,1,3,4,4,8,4
s359040404.c,0,1,1,31,11,0,3,3,0,0,0,0,11,4,2,0,3,3,3,8,4
s076919376.c,0,1,1,12,8,1,1,1,0,0,0,0,8,2,0,0,3,0,0,2,2
s021784258.c,0,1,1,24,11,0,0,1,0,0,0,0,11,4,0,0,3,1000,1000,3,2
s021784258.c,1,1,1,20,8,0,0,2,0,0,0,0,8,3,1,2,1,1000,1000,5,3
s890411705.c,0,1,1,10,5,0,1,1,0,0,0,0,5,3,0,0,2,0,0,2,2
s810863909.c,0,1,1,29,17,0,0,3,0,0,0,0,17,4,2,0,6,0,0,8,4
s810863909.c,1,1,1,8,3,1,1,1,0,0,0,0,3,2,0,1,1,0,0,2,2
s810863909.c,2,1,1,8,3,1,1,1,0,0,0,0,3,2,0,1,1,0,0,2,2
nested_loops.c,0,1,1,43,19,0,2,2,0,0,0,0,19,5,1,0,4,0,0,7,3
nested_loops.c,1,2,1,33,15,0,1,1,0,0,0,0,15,3,0,0,2,0,0,3,2
nested_loops.c,2,1,1,48,20,1,4,4,0,0,0,0,20,11,3,0,6,0,0,13,5
nested_loops.c,3,2,1,38,16,1,3,3,0,0,0,0,16,9,2,0,4,0,0,9,4
nested_loops.c,4,3,1,28,12,1,2,2,0,0,0,0,12,7,1,0,2,0,0,5,3
nested_loops.c,5,1,1,55,24,0,4,4,0,0,0,0,24,12,3,0,8,0,0,15,5
nested_loops.c,6,2,1,45,20,0,3,3,0,0,0,0,20,10,2,0,6,0,0,11,4
nested_loops.c,7,3,1,35,16,0,2,2,0,0,0,0,16,8,1,0,4,0,0,7,3
nested_loops.c,8,4,1,25,12,0,1,1,0,0,0,0,12,6,0,0,2,0,0,3,2
nested_loops.c,9,1,1,52,22,1,3,3,0,0,0,0,22,7,2,0,5,0,0,9,4
nested_loops.c,10,2,1,25,11,0,1,1,0,0,0,0,11,3,0,0,2,0,0,3,2
s328971153.c,0,1,1,14,6,0,0,1,0,0,0,0,6,3,0,0,2,0,0,3,2
s328971153.c,1,1,1,34,16,0,0,1,0,0,0,0,16,7,0,0,4,0,0,3,2
s328971153.c,2,1,1,15,6,0,0,1,0,0,0,0,6,3,0,1,1,0,0,3,2
s248933099.c,0,1,1,40,18,0,0,3,0,0,0,0,18,4,2,0,4,0,0,8,4
s248933099.c,1,1,1,22,9,0,0,2,0,0,0,0,9,3,1,2,1,0,0,6,3
s586994802.c,0,1,1,37,12,1,3,3,0,0,0,0,12,4,2,0,3,5,5,8,4
s506645902.c,0,1,1,16,8,0,0,1,0,0,0,0,8,3,0,0,3,100,100,3,2
s506645902.c,1,1,1,18,6,2,2,2,0,0,0,0,6,3,1,2,1,100,100,5,3
s194098957.c,0,1,1,52,19,2,4,4,0,0,0,0,19,8,3,0,7,100,100,10,5
s394493551.c,0,1,1,24,11,0,0,1,0,0,0,0,11,4,0,0,3,0,0,3,2
s394493551.c,1,1,1,21,8,0,0,2,0,0,0,0,8,4,1,2,1,0,0,5,3
s507989101.c,0,1,1,26,12,0,0,2,0,0,0,0,12,3,1,0,3,2000010,2000010,5,3
s507989101.c,1,1,1,29,13,0,0,3,0,0,0,0,13,4,2,0,2,2000010,2000010,6,4
s507989101.c,2,1,1,29,11,1,1,3,0,0,0,0,11,4,2,3,1,2000010,2000010,9,4
s162888843.c,0,1,1,12,5,0,1,1,0,0,0,0,5,2,0,0,2,11,11,3,2
s162888843.c,1,1,2,43,16,1,4,4,0,0,0,0,16,7,3,0,4,11,11,10,4
s162888843.c,2,1,1,15,6,0,0,1,0,0,0,0,6,2,0,1,1,11,11,3,2
s906084568.c,0,1,2,18,7,2,3,3,0,0,0,0,7,6,2,0,1,0,0,5,3
s947911802.c,0,1,1,14,5,1,1,1,0,0,0,0,5,2,0,1,1,101,101,3,2
s374397793.c,0,1,1,13,6,0,0,1,0,0,0,0,6,2,0,0,2,100,100,3,2
s374397793.c,1,1,1,22,8,1,1,2,0,0,0,0,8,5,1,2,1,100,100,5,3
array_sum.c,0,1,1,17,9,0,0,1,0,0,0,0,9,3,0,0,2,0,0,3,2
s369674366.c,0,1,1,12,8,1,1,1,0,0,0,0,8,2,0,0,3,0,0,2,2
s603045642.c,0,1,1,13,6,0,0,1,0,0,0,0,6,2,0,0,2,100,100,3,2
s603045642.c,1,1,1,13,5,1,1,1,0,0,0,0,5,2,0,1,1,100,100,3,2
s646682723.c,0,1,1,13,6,0,0,1,0,0,0,0,6,2,0,0,2,0,0,3,2
s646682723.c,1,1,1,25,9,1,1,2,0,0,0,0,9,4,1,2,1,0,0,6,3
s017271502.c,0,1,2,22,11,3,3,3,0,0,0,0,11,6,2,0,3,0,0,5,3
s337082473.c,0,1,1,136,59,3,7,7,0,0,0,0,59,23,6,4,25,100,100,21,8
s337082473.c,1,2,2,24,8,0,2,2,0,0,0,0,8,3,1,1,2,100,100,3,2
s337082473.c,2,2,1,17,6,0,1,1,0,0,0,0,6,2,0,1,2,100,100,2,2
s337082473.c,3,2,1,22,10,1,1,1,0,0,0,0,10,6,0,0,3,100,100,3,2
s337082473.c,4,2,1,22,10,1,1,1,0,0,0,0,10,6,0,0,3,100,100,3,2
s337082473.c,5,1,1,34,14,1,1,2,0,0,0,0,14,5,1,1,3,100,100,6,3
s337082473.c,6,2,1,19,8,1,1,1,0,0,0,0,8,3,0,0,2,100,100,2,2
array_init_loop.c,0,1,1,15,7,0,1,1,0,0,0,0,7,3,0,0,2,10,10,3,2
s902531840.c,0,1,1,60,32,0,0,3,0,0,0,0,32,7,3,0,7,0,0,9,4
s902531840.c,1,2,1,12,6,0,0,1,0,0,0,0,6,2,0,0,1,0,0,2,2
s902531840.c,2,2,1,12,6,0,0,1,0,0,0,0,6,2,0,0,1,0,0,2,2
s902531840.c,0,1,1,21,10,0,0,1,0,0,0,0,10,2,0,0,3,0,0,3,2
s902531840.c,1,1,1,34,12,0,0,2,0,0,0,0,12,6,1,2,1,0,0,6,3
s254180211.c,0,1,1,13,6,0,0,1,0,0,0,0,6,2,0,0,2,100,100,3,2
s254180211.c,1,1,1,26,12,0,0,1,0,0,0,0,12,4,0,1,3,100,100,3,2
s290372818.c,0,1,1,22,5,0,1,2,0,0,0,0,5,3,1,3,1,4,4,6,3
s302509788.c,0,1,1,30,14,2,2,4,0,0,0,0,14,7,3,0,3,0,0,9,5
s492057554.c,0,1,1,12,8,1,1,1,0,0,0,0,8,2,0,0,3,0,0,2,2
s492057554.c,1,1,1,12,8,1,1,1,0,0,0,0,8,2,0,0,3,0,0,2,2
s805529761.c,0,1,1,14,7,0,0,1,0,0,0,0,7,2,0,0,2,0,0,3,2
s805529761.c,1,1,1,26,14,0,0,2,0,0,0,0,14,3,1,0,3,0,0,5,3
s805529761.c,2,1,1,49,23,0,0,5,0,0,0,0,23,7,4,2,4,0,0,13,6
s805529761.c,3,2,1,28,14,0,0,3,0,0,0,0,14,4,2,0,2,0,0,6,4
s984473758.c,0,1,1,12,8,1,1,1,0,0,0,0,8,2,0,0,3,0,0,2,2
s466793852.c,0,1,1,13,6,0,0,1,0,0,0,0,6,2,0,0,2,10000,10000,3,2
s466793852.c,1,1,2,17,6,0,2,2,0,0,0,0,6,3,1,2,1,10000,10000,4,2
s695448752.c,0,1,1,29,13,2,2,3,0,0,0,0,13,8,2,0,3,100000,100000,6,4
s695448752.c,1,1,2,18,6,2,2,2,0,0,0,0,6,4,1,0,1,100000,100000,4,2
s958122235.c,0,1,1,37,16,2,2,3,0,0,0,0,16,6,2,1,6,100,100,10,4
s958122235.c,1,2,1,13,6,0,0,1,0,0,0,0,6,2,0,0,2,100,100,3,2
s958122235.c,2,2,1,13,5,1,1,1,0,0,0,0,5,2,0,1,1,100,100,3,2
s990254004.c,0,1,1,37,20,0,0,3,0,0,0,0,20,4,2,0,5,20005000,20005000,8,4
s990254004.c,1,1,1,22,12,0,0,2,0,0,0,0,12,3,1,1,3,20005000,20005000,5,3
s125060171.c,0,1,1,21,10,0,0,1,0,0,0,0,10,2,0,0,3,0,0,3,2
s125060171.c,1,1,1,25,9,0,0,2,0,0,0,0,9,3,1,2,1,0,0,6,3
s719522901.c,0,1,2,17,7,0,1,2,0,0,0,0,7,3,1,1,2,0,0,4,2
s544204705.c,0,1,2,31,14,3,4,4,0,0,0,0,14,7,3,1,5,0,0,9,4
s544204705.c,1,2,2,13,6,1,2,2,0,0,0,0,6,4,1,0,2,0,0,3,2
s610619567.c,0,1,1,38,14,1,2,3,0,0,0,0,14,6,2,1,4,10,10,8,4
s359445902.c,0,1,1,13,8,1,1,1,0,0,0,0,8,2,0,0,3,0,0,3,2
s527202676.c,0,1,1,40,19,0,0,4,0,0,0,0,19,6,3,1,5,200000,200000,10,5
s527202676.c,1,2,1,26,12,0,0,3,0,0,0,0,12,4,2,0,2,200000,200000,6,4
s361886872.c,0,1,1,10,6,1,1,1,0,0,0,0,6,2,0,0,2,0,0,2,2
s361886872.c,1,1,1,10,6,1,1,1,0,0,0,0,6,2,0,0,2,0,0,2,2
s132534804.c,0,1,1,12,8,1,1,1,0,0,0,0,8,2,0,0,3,0,0,2,2
s895590362.c,0,1,1,13,6,0,0,1,0,0,0,0,6,2,0,0,2,0,0,3,2
s895590362.c,1,1,1,14,5,1,1,1,0,0,0,0,5,2,0,2,1,0,0,3,2
s201355475.c,0,1,1,13,6,0,0,1,0,0,0,0,6,2,0,0,2,200000,200000,3,2
s201355475.c,1,1,1,48,21,0,0,4,0,0,0,0,21,6,3,0,5,200000,200000,11,5
s201355475.c,2,2,1,33,14,0,0,3,0,0,0,0,14,4,2,0,2,200000,200000,7,4
s201355475.c,3,1,1,14,6,0,0,1,0,0,0,0,6,2,0,1,1,200000,200000,3,2
s987945466.c,0,1,1,13,6,0,0,1,0,0,0,0,6,2,0,0,2,0,0,3,2
s987945466.c,1,1,1,13,5,0,1,1,0,0,0,0,5,2,0,1,1,0,0,3,2
s293986075.c,0,1,1,39,15,2,3,3,0,0,0,0,15,6,2,0,4,16,16,8,4
s293986075.c,1,1,1,15,6,0,0,1,0,0,0,0,6,2,0,1,1,16,16,3,2
s112794580.c,0,1,1,13,6,0,0,1,0,0,0,0,6,2,0,0,2,0,0,3,2
s112794580.c,1,1,1,13,5,1,1,1,0,0,0,0,5,2,0,1,1,0,0,3,2
s346025293.c,0,1,1,25,9,0,2,2,0,0,0,0,9,4,1,0,2,10,10,5,3
s000239334.c,0,1,1,24,11,0,0,1,0,0,0,0,11,4,0,0,3,100,100,3,2
s000239334.c,1,1,1,23,7,2,2,2,0,0,0,0,7,5,1,3,1,100,100,6,3
s583103736.c,0,1,1,33,11,0,3,3,0,0,0,0,11,4,2,0,3,3,3,8,4
s583103736.c,1,1,1,14,5,0,1,1,0,0,0,0,5,2,0,1,1,3,3,3,2
s969858040.c,0,1,1,48,21,1,1,2,0,0,0,0,21,6,1,0,8,11,11,10,6
insertion_sort.c,0,1,1,54,27,1,1,3,0,0,0,0,27,8,2,0,6,0,0,8,4
insertion_sort.c,1,2,1,28,13,1,1,2,0,0,0,0,13,4,1,0,2,0,0,4,3
is_sorted.c,0,1,2,23,10,0,0,2,0,0,0,0,10,5,1,0,1,0,0,4,2
s655926610.c,0,1,1,28,15,1,2,2,0,0,0,0,15,6,1,1,7,0,0,6,3
s655926610.c,1,2,1,10,5,1,1,1,0,0,0,0,5,3,0,0,2,0,0,2,2
s430708863.c,0,1,1,13,6,0,0,1,0,0,0,0,6,2,0,0,2,100,100,3,2
s430708863.c,1,1,1,18,6,2,2,2,0,0,0,0,6,3,1,2,1,100,100,5,3
while_loop.c,0,1,1,11,6,0,1,1,0,0,0,0,6,3,0,0,2,0,0,2,2
s941494841.c,0,1,1,56,21,2,4,4,0,0,0,0,21,8,3,0,7,11,20,12,5
s941494841.c,1,1,1,16,6,0,1,1,0,0,0,0,6,2,0,1,1,20,20,3,2
s745583992.c,0,1,1,92,32,4,6,6,0,0,0,0,32,14,5,0,10,11,11,19,7
s745583992.c,1,2,1,22,8,1,1,1,0,0,0,0,8,4,0,0,2,11,11,3,2
s745583992.c,2,2,1,21,8,1,1,1,0,0,0,0,8,3,0,0,2,11,11,3,2
s930181756.c,0,1,1,13,6,0,0,1,0,0,0,0,6,2,0,0,2,210000,210000,3,2
s930181756.c,1,1,1,39,16,0,0,2,0,0,0,0,16,5,1,0,3,210000,210000,6,3
s930181756.c,2,1,1,38,15,1,1,2,0,0,0,0,15,5,1,0,3,210000,210000,6,3
s930181756.c,3,1,1,59,19,1,1,4,0,0,0,0,19,12,3,4,1,210000,210000,12,5
s589550627.c,0,1,1,55,20,1,5,5,0,0,0,0,20,9,4,0,6,11,11,13,6
s942935689.c,0,1,1,26,7,0,3,3,0,0,0,0,7,4,2,3,2,0,0,9,4
s963221860.c,0,1,1,13,6,0,0,1,0,0,0,0,6,2,0,0,2,100,100,3,2
s963221860.c,1,1,1,13,5,1,1,1,0,0,0,0,5,2,0,1,1,100,100,3,2
s230554148.c,0,1,1,39,15,2,3,3,0,0,0,0,15,6,2,0,4,11,11,8,4
s230554148.c,1,1,1,15,6,0,0,1,0,0,0,0,6,2,0,1,1,11,11,3,2
s163477411.c,0,1,1,50,26,3,3,7,0,0,0,0,26,11,6,0,7,0,0,13,8
s163477411.c,1,1,1,21,10,2,3,3,0,0,0,0,10,6,2,0,3,0,0,5,4
multiply_table_loop.c,0,1,1,11,5,0,1,1,0,0,0,0,5,3,0,0,2,0,0,3,2
s455841685.c,0,1,1,13,6,0,0,1,0,0,0,0,6,2,0,0,2,100,100,3,2
s455841685.c,1,1,1,14,5,0,0,1,0,0,0,0,5,3,0,1,1,100,100,3,2
s243574188.c,0,1,1,49,18,1,4,5,0,0,0,0,18,8,4,2,6,10,10,12,6
s243574188.c,1,1,1,12,5,0,1,1,0,0,0,0,5,2,0,0,2,10,10,3,2
s027045600.c,0,1,1,42,20,0,0,3,0,0,0,0,20,4,2,0,5,200001,200001,8,4
s027045600.c,1,1,1,22,9,0,0,2,0,0,0,0,9,3,1,2,1,200001,200001,6,3
s253388211.c,0,1,1,13,6,0,0,1,0,0,0,0,6,2,0,0,2,0,0,3,2
s253388211.c,1,1,1,65,31,0,0,5,0,0,0,0,31,9,4,0,9,0,0,15,6
s253388211.c,2,2,1,22,10,0,0,2,0,0,0,0,10,3,1,0,2,0,0,5,3
s253388211.c,3,2,1,22,10,0,0,2,0,0,0,0,10,3,1,0,2,0,0,5,3
s253388211.c,4,1,1,14,6,0,0,1,0,0,0,0,6,2,0,1,1,0,0,3,2
s671883635.c,0,1,1,13,6,0,0,1,0,0,0,0,6,2,0,0,2,100,100,3,2
s671883635.c,1,1,2,17,6,0,2,2,0,0,0,0,6,3,1,2,1,100,100,4,2
s348344889.c,0,1,1,27,17,2,2,3,0,0,0,0,17,4,2,0,6,0,0,6,4
s043043024.c,0,1,1,13,6,0,0,1,0,0,0,0,6,2,0,0,2,103,103,3,2
s043043024.c,1,1,1,34,16,0,0,1,0,0,0,0,16,7,0,0,4,103,103,3,2
s043043024.c,2,1,1,15,6,0,0,1,0,0,0,0,6,3,0,1,1,103,103,3,2
s013022634.c,0,1,1,13,6,0,0,1,0,0,0,0,6,2,0,0,2,200000,200000,3,2
s013022634.c,1,1,1,45,21,0,0,4,0,0,0,0,21,5,3,0,4,200000,200000,9,5
s013022634.c,2,1,1,28,13,0,0,2,0,0,0,0,13,3,1,0,3,200000,200000,6,3
s013022634.c,3,1,1,14,6,0,0,1,0,0,0,0,6,2,0,1,1,200000,200000,3,2
s431342755.c,0,1,1,40,18,0,0,3,0,0,0,0,18,4,2,0,4,200000,200000,8,4
s431342755.c,1,1,1,23,10,0,0,2,0,0,0,0,10,4,1,0,2,200000,200000,5,3
s431342755.c,2,1,1,21,8,0,1,2,0,0,0,0,8,3,1,2,1,200000,200000,6,3
s360273404.c,0,1,1,13,6,0,0,1,0,0,0,0,6,2,0,0,2,200000,200000,3,2
s360273404.c,1,1,1,24,12,0,0,2,0,0,0,0,12,3,1,0,3,200000,200000,5,3
s360273404.c,2,1,1,30,14,0,0,3,0,0,0,0,14,5,2,0,3,200000,200000,7,4
s360273404.c,3,1,1,19,8,0,0,2,0,0,0,0,8,3,1,2,1,0,0,6,3
s589862396.c,0,1,1,25,9,0,2,2,0,0,0,0,9,4,1,0,3,10,10,5,3
s462590550.c,0,1,1,21,10,0,0,1,0,0,0,0,10,2,0,0,3,200000,200000,3,2
s462590550.c,1,1,1,25,9,0,0,2,0,0,0,0,9,3,1,2,1,200000,200000,6,3
s346628365.c,0,1,1,40,16,0,3,3,0,0,0,0,16,6,2,0,5,3,3,8,4
s346628365.c,1,1,1,13,5,1,1,1,0,0,0,0,5,2,0,1,1,3,3,3,2
s360901784.c,0,1,1,23,10,2,2,3,0,0,0,0,10,7,2,0,2,0,0,6,4
s172662835.c,0,1,1,17,8,1,1,1,0,0,0,0,8,4,0,0,3,3,3,3,2
s172662835.c,1,1,1,24,9,0,2,2,0,0,0,0,9,3,1,0,3,3,3,6,3
s210048856.c,0,1,1,13,6,0,0,1,0,0,0,0,6,2,0,0,2,0,0,3,2
s210048856.c,1,1,1,12,4,1,1,1,0,0,0,0,4,2,0,1,0,0,0,3,2
s183451310.c,0,1,1,31,11,0,0,2,0,0,0,0,11,6,1,2,1,0,0,6,3
s202881780.c,0,1,1,10,5,0,1,1,0,0,0,0,5,3,0,0,2,0,0,2,2
s202881780.c,0,1,0,8,4,0,0,0,0,0,0,0,4,1,0,2,2,0,0,1,2
s469362467.c,0,1,1,58,20,2,5,5,0,0,0,0,20,9,4,0,7,11,11,12,6
s469362467.c,1,1,1,15,6,0,0,1,0,0,0,0,6,2,0,1,1,11,11,3,2
s653283630.c,0,1,1,38,14,1,2,3,0,0,0,0,14,6,2,1,4,11,11,8,4
s591030553.c,0,1,1,13,6,0,0,1,0,0,0,0,6,2,0,0,2,0,0,3,2
s591030553.c,1,1,1,18,6,2,2,2,0,0,0,0,6,3,1,2,1,0,0,5,3
s236519665.c,0,1,1,12,4,1,1,1,0,0,0,0,4,2,0,0,1,11,11,3,2
s236519665.c,1,1,1,30,13,1,2,2,0,0,0,0,13,5,1,0,4,11,11,5,3
s236519665.c,2,1,1,34,16,0,0,1,0,0,0,0,16,7,0,0,4,11,11,3,2
s236519665.c,3,1,1,15,6,0,0,1,0,0,0,0,6,2,0,1,1,11,11,3,2
s024528800.c,0,1,1,22,10,2,2,3,0,0,0,0,10,6,2,0,2,0,0,6,4
s211137776.c,0,1,1,14,6,0,0,1,0,0,0,0,6,3,0,0,2,100,100,3,2
s211137776.c,1,1,1,14,5,0,1,1,0,0,0,0,5,3,0,1,1,100,100,3,2
s772879915.c,0,1,1,24,9,0,2,2,0,0,0,0,9,3,1,0,3,3,3,6,3
s939486783.c,0,1,1,34,15,1,2,2,0,0,0,0,15,4,1,0,3,10,10,5,3
s540268926.c,0,1,1,18,10,0,0,1,0,0,0,0,10,2,0,0,3,200000,200000,3,2
s540268926.c,1,1,1,24,9,0,0,2,0,0,0,0,9,3,1,2,1,200000,200000,6,3
s936552812.c,0,1,2,12,4,0,3,3,0,0,0,0,4,3,2,1,1,0,0,4,3
s936552812.c,1,1,2,15,6,0,2,2,0,0,0,0,6,5,1,1,2,0,0,3,2
s936552812.c,0,1,1,14,6,0,0,1,0,0,0,0,6,2,0,1,2,0,0,3,2
s936552812.c,1,1,1,35,16,0,0,3,0,0,0,0,16,5,2,0,4,0,0,8,4
s936552812.c,2,1,1,29,13,0,0,3,0,0,0,0,13,4,2,0,2,0,0,6,4
s936552812.c,3,1,1,25,10,0,1,3,0,0,0,0,10,4,2,2,1,0,0,7,4
s048421019.c,0,1,1,32,10,1,3,3,0,0,0,0,10,4,2,1,2,8,8,9,4
s778965876.c,0,1,1,13,6,0,0,1,0,0,0,0,6,2,0,0,2,100,100,3,2
s778965876.c,1,1,1,13,5,1,1,1,0,0,0,0,5,2,0,1,1,100,100,3,2
s443525127.c,0,1,1,10,5,0,0,0,0,1,0,0,5,3,0,0,2,0,0,2,2
s518863301.c,0,1,1,13,6,0,0,1,0,0,0,0,6,2,0,0,2,0,0,3,2
s518863301.c,1,1,1,13,5,1,1,1,0,0,0,0,5,2,0,1,1,0,0,3,2
s147469244.c,0,1,1,10,4,1,1,1,0,0,0,0,4,2,0,0,1,15,15,2,2
s147469244.c,1,1,1,51,19,1,4,5,0,0,0,0,19,8,4,0,4,15,15,11,6
array_copy.c,0,1,1,19,10,0,0,1,0,0,0,0,10,2,0,0,2,0,0,3,2
s095063514.c,0,1,1,13,6,0,0,1,0,0,0,0,6,2,0,0,2,100,100,3,2
s095063514.c,1,1,1,19,7,1,1,2,0,0,0,0,7,3,1,2,1,100,100,5,3
s916931343.c,0,1,1,12,8,1,1,1,0,0,0,0,8,2,0,0,3,0,0,2,2
s758983744.c,0,1,1,29,9,0,1,2,0,0,0,0,9,5,1,1,3,11,11,5,3
s758983744.c,1,1,1,26,7,0,1,2,0,0,0,0,7,4,1,2,1,11,11,5,3
s089617393.c,0,1,1,28,14,0,0,2,0,0,0,0,14,3,1,0,4,200000,200000,5,3
s089617393.c,1,1,1,53,23,0,0,5,0,0,0,0,23,7,4,2,4,200000,200000,13,6
s089617393.c,2,2,1,29,13,0,0,3,0,0,0,0,13,4,2,0,2,200000,200000,6,4
s459170424.c,0,1,1,25,9,0,2,2,0,0,0,0,9,3,1,0,3,4,4,6,3
s929587273.c,0,1,1,22,10,2,2,3,0,0,0,0,10,6,2,0,2,0,0,6,4
s540539909.c,0,1,1,13,6,0,0,1,0,0,0,0,6,2,0,0,2,200000,200000,3,2
s540539909.c,1,1,1,54,27,0,0,3,0,0,0,0,27,5,2,1,8,200000,200000,9,4
s540539909.c,2,2,1,22,10,0,0,2,0,0,0,0,10,3,1,0,2,200000,200000,5,3
s044505720.c,0,1,1,12,5,0,0,1,0,0,0,0,5,3,0,0,2,0,0,2,2
s044505720.c,1,1,1,11,4,1,1,1,0,0,0,0,4,2,0,1,1,0,0,2,2
s200346154.c,0,1,1,13,6,0,0,1,0,0,0,0,6,2,0,0,2,1000,1000,3,2
s200346154.c,1,1,1,13,5,0,1,1,0,0,0,0,5,2,0,1,1,1000,1000,3,2
s986893199.c,0,1,1,14,6,0,0,1,0,0,0,0,6,3,0,0,2,100,100,3,2
s986893199.c,1,1,1,18,6,1,2,2,0,0,0,0,6,4,1,2,1,100,100,4,3
s676105746.c,0,1,1,12,8,1,1,1,0,0,0,0,8,2,0,0,3,0,0,2,2
s676105746.c,1,1,1,12,8,1,1,1,0,0,0,0,8,2,0,0,3,0,0,2,2
s372654248.c,0,1,2,19,7,3,3,3,0,0,0,0,7,6,2,0,1,0,0,6,3
s618949442.c,0,1,1,13,6,0,0,1,0,0,0,0,6,2,0,0,2,10000,10000,3,2
s618949442.c,1,1,2,17,6,0,2,2,0,0,0,0,6,3,1,2,1,10000,10000,4,2
s364295185.c,0,1,1,31,11,0,3,3,0,0,0,0,11,4,1,0,3,2,2,6,3
s568744808.c,0,1,1,42,20,0,0,3,0,0,0,0,20,4,2,0,5,200000,200000,8,4
s568744808.c,1,1,1,20,9,0,0,2,0,0,0,0,9,4,1,0,2,200000,200000,5,3
s568744808.c,2,1,1,31,15,0,1,3,0,0,0,0,15,4,2,1,4,200000,200000,9,4
s671056474.c,0,1,1,13,6,0,0,1,0,0,0,0,6,2,0,0,2,200000,200000,3,2
s671056474.c,1,1,1,46,26,0,0,3,0,0,0,0,26,4,2,0,8,200000,200000,8,4
s671056474.c,2,1,1,19,8,0,0,2,0,0,0,0,8,3,1,2,1,0,0,6,3
s683485402.c,0,1,1,13,6,0,0,1,0,0,0,0,6,2,0,0,2,100,100,3,2
s683485402.c,1,1,1,34,16,0,0,1,0,0,0,0,16,7,0,0,4,100,100,3,2
s683485402.c,2,1,1,14,6,0,0,1,0,0,0,0,6,2,0,1,1,100,100,3,2
s834386135.c,0,1,1,10,5,1,1,1,0,0,0,0,5,3,1,0,2,0,0,2,2
s996746225.c,0,1,1,13,6,0,0,1,0,0,0,0,6,2,0,0,2,100,100,3,2
s996746225.c,1,1,1,13,5,1,1,1,0,0,0,0,5,2,0,1,1,100,100,3,2
s567452090.c,0,1,1,32,13,0,1,1,0,0,0,0,13,6,0,0,4,3,6,3,2
s567452090.c,1,1,1,28,11,1,2,2,0,0,0,0,11,5,1,0,3,3,3,6,3
s567452090.c,2,2,1,19,8,1,1,1,0,0,0,0,8,3,0,0,2,3,3,2,2
s567452090.c,3,1,1,13,5,0,1,1,0,0,0,0,5,2,0,1,1,3,3,3,2
s654967418.c,0,1,1,11,5,1,1,1,0,0,0,0,5,3,0,0,2,0,0,3,2
s767563631.c,0,1,1,44,22,0,0,3,0,0,0,0,22,4,2,0,6,200005,200005,8,4
s767563631.c,1,1,1,19,8,0,0,2,0,0,0,0,8,3,1,2,1,0,0,6,3
s767563631.c,2,1,1,11,5,0,0,1,0,0,0,0,5,2,0,1,1,0,0,3,2
s077326054.c,0,1,1,12,5,0,1,1,0,0,0,0,5,2,0,0,2,10,10,3,2
s077326054.c,1,1,1,49,22,0,2,3,0,0,0,0,22,6,2,0,6,10,10,9,4
s077326054.c,2,2,1,37,17,0,1,2,0,0,0,0,17,3,1,0,4,10,10,5,3
s077326054.c,3,1,1,13,5,0,1,1,0,0,0,0,5,2,0,1,1,10,10,3,2
s815404335.c,0,1,1,13,6,0,0,1,0,0,0,0,6,2,0,0,2,100,100,3,2
s815404335.c,1,1,1,13,5,1,1,1,0,0,0,0,5,2,0,1,1,100,100,3,2
s700524321.c,0,1,1,36,12,1,3,3,0,0,0,0,12,4,2,0,3,4,4,7,4
s689793943.c,0,1,1,13,6,0,0,1,0,0,0,0,6,2,0,0,2,103,103,3,2
s689793943.c,1,1,1,34,16,0,0,1,0,0,0,0,16,7,0,0,4,103,103,3,2
s689793943.c,2,1,1,15,6,0,0,1,0,0,0,0,6,3,0,1,1,103,103,3,2
s626440116.c,0,1,1,40,19,1,2,3,0,0,0,0,19,7,2,0,6,11,11,8,4
reverse_count_loop.c,0,1,1,12,6,1,1,1,0,0,0,0,6,3,0,0,2,0,0,3,2
s863488020.c,0,1,1,38,14,2,3,3,0,0,0,0,14,6,2,0,4,0,0,8,4
s039628823.c,0,1,1,56,21,1,4,5,0,0,0,0,21,9,4,0,6,11,15,13,6
s936618795.c,0,1,1,12,8,1,1,1,0,0,0,0,8,2,0,0,3,0,0,2,2
s646072036.c,0,1,1,12,6,0,0,1,0,0,0,0,6,2,0,0,2,200001,200001,3,2
s646072036.c,1,1,1,79,39,0,0,7,0,0,0,0,39,12,6,2,10,200001,200001,20,8
s646072036.c,2,2,1,21,10,0,0,2,0,0,0,0,10,4,1,0,2,200001,200001,5,3
s646072036.c,3,2,1,25,12,0,0,3,0,0,0,0,12,4,2,0,2,200001,200001,7,4
s131965522.c,0,1,1,73,30,1,6,6,0,0,0,0,30,11,5,4,14,8,8,17,7
s131965522.c,1,2,1,32,12,0,3,3,0,0,0,0,12,4,2,2,6,8,8,7,4
s131965522.c,2,2,1,11,5,1,1,1,0,0,0,0,5,3,0,0,2,0,0,3,2
binary_search.c,0,1,2,35,17,0,0,3,0,0,0,0,17,7,2,0,3,0,0,7,3
s244726236.c,0,1,1,26,10,0,0,2,0,0,0,0,10,5,1,3,2,0,0,6,3
s545493745.c,0,1,1,13,5,1,1,1,0,0,0,0,5,2,0,1,1,105,105,3,2
s145774657.c,0,1,1,21,13,0,0,2,0,0,0,0,13,3,1,0,5,0,0,5,3
s145774657.c,1,1,1,19,8,0,0,2,0,0,0,0,8,3,1,2,1,0,0,6,3
s874623729.c,0,1,1,13,6,0,0,1,0,0,0,0,6,2,0,0,2,0,0,3,2
s874623729.c,1,1,1,38,18,0,0,3,0,0,0,0,18,4,2,0,4,0,0,8,4
s874623729.c,2,1,1,28,13,0,0,2,0,0,0,0,13,3,1,0,3,0,0,6,3
s874623729.c,3,1,1,14,6,0,0,1,0,0,0,0,6,2,0,1,1,0,0,3,2
s106012299.c,0,1,1,13,6,0,0,1,0,0,0,0,6,2,0,0,2,0,0,3,2
s106012299.c,1,1,1,38,18,0,0,3,0,0,0,0,18,4,2,0,4,0,0,8,4
s106012299.c,2,1,1,22,9,0,0,2,0,0,0,0,9,3,1,2,1,0,0,6,3
s841509134.c,0,1,1,12,5,1,1,1,0,0,0,0,5,4,0,0,2,0,0,3,2
s971922272.c,0,1,1,35,11,1,3,3,0,0,0,0,11,5,2,1,2,11,11,6,4
s195426041.c,0,1,1,48,16,1,3,4,0,0,0,0,16,8,3,1,6,11,11,11,5
s195426041.c,1,1,1,15,6,0,0,1,0,0,0,0,6,2,0,1,1,11,11,3,2
s457364035.c,0,1,1,11,7,1,1,1,0,0,0,0,7,2,0,0,3,0,0,2,2
s127788669.c,0,1,1,33,9,0,2,3,0,0,0,0,9,4,2,3,1,11,11,7,4
s127788669.c,0,1,1,17,8,0,0,1,0,0,0,0,8,2,0,1,2,0,0,3,2
s116649666.c,0,1,1,40,16,0,3,3,0,0,0,0,16,6,2,0,5,3,3,8,4
s907152012.c,0,1,1,13,6,0,0,1,0,0,0,0,6,2,0,0,2,100,100,3,2
s907152012.c,1,1,1,13,5,0,1,1,0,0,0,0,5,2,0,1,1,100,100,3,2
s724532943.c,0,1,1,13,6,0,0,1,0,0,0,0,6,2,0,0,2,0,0,3,2
s724532943.c,1,1,1,50,23,0,0,3,0,0,0,0,23,6,2,0,6,0,0,9,4
s724532943.c,2,2,1,39,18,0,0,2,0,0,0,0,18,4,1,0,4,0,0,5,3
s724532943.c,3,1,1,15,6,0,0,1,0,0,0,0,6,3,0,1,1,0,0,3,2
s087259422.c,0,1,1,12,8,1,1,1,0,0,0,0,8,2,1,0,3,0,0,2,2
s978060237.c,0,1,1,32,12,0,1,2,0,0,0,0,12,4,1,1,3,15,15,5,3
s782944894.c,0,1,1,12,8,1,1,1,0,0,0,0,8,2,0,0,3,0,0,2,2
s398359908.c,0,1,1,13,6,0,0,1,0,0,0,0,6,2,0,0,2,0,0,3,2
s398359908.c,1,1,1,44,18,0,0,3,0,0,0,0,18,4,2,0,4,2,2,8,4
s398359908.c,2,1,1,25,9,0,0,2,0,0,0,0,9,3,1,2,1,2,2,6,3
s330239088.c,0,1,1,44,18,0,0,3,0,0,0,0,18,4,2,0,4,2,200001,8,4
s330239088.c,1,1,1,25,9,0,0,2,0,0,0,0,9,3,1,2,1,2,200001,6,3
s582892079.c,0,1,1,13,6,0,0,1,0,0,0,0,6,2,0,0,2,100,100,3,2
s582892079.c,1,1,1,13,5,1,1,1,0,0,0,0,5,2,0,1,1,100,100,3,2
find_min_in_array.c,0,1,1,24,12,0,0,2,0,0,0,0,12,3,1,0,2,0,0,5,3
factorial_loop.c,0,1,1,12,6,0,1,1,0,0,0,0,6,3,0,0,2,0,0,3,2
s654619243.c,0,1,1,13,6,0,0,1,0,0,0,0,6,2,0,0,2,200000,200000,3,2
s654619243.c,1,1,1,24,12,0,0,2,0,0,0,0,12,3,1,0,3,200000,200000,5,3
s654619243.c,2,1,1,30,14,0,0,3,0,0,0,0,14,5,2,0,3,200000,200000,7,4
s654619243.c,3,1,1,19,8,0,0,2,0,0,0,0,8,3,1,2,1,0,0,6,3
s922230693.c,0,1,1,22,10,1,2,2,0,0,0,0,10,7,1,0,4,0,0,5,3
s922230693.c,1,1,1,10,4,1,1,1,0,0,0,0,4,3,0,1,1,0,0,2,2
s879026538.c,0,1,1,14,7,0,0,1,0,0,0,0,7,2,0,0,2,0,0,3,2
s879026538.c,0,1,1,14,7,0,0,1,0,0,0,0,7,2,0,0,2,0,0,3,2
s879026538.c,0,1,1,18,8,0,0,1,0,0,0,0,8,2,0,1,1,0,0,3,2
s879026538.c,0,1,1,18,8,0,0,1,0,0,0,0,8,2,0,1,1,0,0,3,2
s879026538.c,0,1,1,25,11,0,0,1,0,0,0,0,11,6,0,1,1,0,0,3,2
s879026538.c,0,1,1,44,20,0,0,3,0,0,0,0,20,6,2,1,3,0,0,9,4
s879026538.c,1,2,1,31,14,0,0,2,0,0,0,0,14,3,1,1,1,0,0,5,3
s879026538.c,0,1,1,44,20,0,0,3,0,0,0,0,20,6,2,1,3,0,0,9,4
s879026538.c,1,2,1,31,14,0,0,2,0,0,0,0,14,3,1,1,1,0,0,5,3
s879026538.c,0,1,1,49,19,1,1,3,0,0,0,0,19,11,2,2,3,0,0,9,4
s879026538.c,1,2,1,36,13,1,1,2,0,0,0,0,13,8,1,2,1,0,0,5,3
s879026538.c,0,1,1,49,19,1,1,3,0,0,0,0,19,11,2,2,3,0,0,9,4
s879026538.c,1,2,1,36,13,1,1,2,0,0,0,0,13,8,1,2,1,0,0,5,3
s879026538.c,0,1,1,17,9,0,0,1,0,0,0,0,9,2,0,1,2,0,0,3,2
s879026538.c,0,1,1,17,9,0,0,1,0,0,0,0,9,2,0,1,2,0,0,3,2
s879026538.c,0,1,1,25,10,1,1,2,0,0,0,0,10,5,1,1,2,0,0,5,3
s879026538.c,0,1,1,25,10,1,1,2,0,0,0,0,10,5,1,1,2,0,0,5,3
s879026538.c,0,1,1,17,9,0,0,1,0,0,0,0,9,3,0,0,2,0,0,3,2
s879026538.c,0,1,2,17,8,0,0,2,0,0,0,0,8,3,1,0,1,0,0,4,2
s879026538.c,0,1,1,33,15,1,1,2,0,0,0,0,15,5,1,1,3,0,0,5,3
s879026538.c,0,1,1,21,10,0,0,2,0,0,0,0,10,4,1,0,2,0,0,5,3
s879026538.c,0,1,1,59,22,1,5,5,0,0,0,0,22,10,4,0,7,11,11,12,6
s879026538.c,1,1,1,14,5,0,1,1,0,0,0,0,5,2,0,1,1,11,11,3,2
s582848249.c,0,1,1,44,15,1,3,4,0,0,0,0,15,6,3,0,4,11,11,11,5
s582848249.c,1,1,1,14,5,0,1,1,0,0,0,0,5,2,0,1,1,11,11,3,2
s703355700.c,0,1,1,16,8,0,0,1,0,0,0,0,8,2,0,1,2,0,0,3,2
s703355700.c,1,1,1,74,31,0,0,5,0,0,0,0,31,12,4,1,7,0,0,14,6
s703355700.c,2,2,1,22,10,0,0,2,0,0,0,0,10,4,1,1,2,0,0,5,3
s703355700.c,3,1,1,14,6,0,0,1,0,0,0,0,6,2,0,1,1,0,0,3,2
nested_for_loops.c,0,1,1,24,11,0,2,2,0,0,0,0,11,6,1,0,4,0,0,7,3
nested_for_loops.c,1,2,1,14,7,0,1,1,0,0,0,0,7,4,0,0,2,0,0,3,2
s649196184.c,0,1,1,17,10,1,2,2,0,0,0,0,10,3,1,0,4,0,0,4,3
s252048567.c,0,1,1,12,8,1,1,1,0,0,0,0,8,2,0,0,3,0,0,2,2
s240883023.c,0,1,1,11,5,1,1,1,0,0,0,0,5,3,0,0,2,0,0,3,2
s178346266.c,0,1,1,33,11,0,3,3,0,0,0,0,11,4,2,0,3,5,5,8,4
s395583637.c,0,1,1,39,15,2,3,3,0,0,0,0,15,6,2,0,4,11,11,8,4
s395583637.c,1,1,1,15,6,0,0,1,0,0,0,0,6,2,0,1,1,11,11,3,2
s217319217.c,0,1,1,41,24,1,1,5,0,0,0,0,24,7,3,0,8,0,0,9,5
s217319217.c,1,1,1,20,8,0,0,2,0,0,0,0,8,4,1,2,1,0,0,6,3
s217319217.c,2,1,1,12,5,0,0,1,0,0,0,0,5,3,0,1,1,0,0,3,2
s002634629.c,0,1,1,13,6,0,0,1,0,0,0,0,6,2,0,0,2,1000,1000,3,2
s002634629.c,1,1,1,13,5,1,1,1,0,0,0,0,5,2,0,1,1,1000,1000,3,2
s076613992.c,0,1,1,13,6,0,0,1,0,0,0,0,6,2,0,0,2,0,0,3,2
s076613992.c,1,1,1,27,10,0,0,2,0,0,0,0,10,6,1,2,1,0,0,6,3
s198401795.c,0,1,1,13,6,0,0,1,0,0,0,0,6,2,0,0,2,200000,200000,3,2
s198401795.c,1,1,1,46,26,0,0,3,0,0,0,0,26,4,2,0,8,200000,200000,8,4
s198401795.c,2,1,1,19,8,0,0,2,0,0,0,0,8,3,1,2,1,0,0,6,3
s389960475.c,0,1,1,36,15,1,2,3,0,0,0,0,15,6,2,0,4,11,11,8,4
s035320811.c,0,1,1,20,11,1,1,2,0,0,0,0,11,5,1,0,4,0,0,4,3
s035320811.c,1,1,1,9,4,1,1,1,0,0,0,0,4,2,0,1,1,0,0,2,2
s686466594.c,0,1,1,13,6,0,0,1,0,0,0,0,6,2,0,0,2,100,100,3,2
s686466594.c,1,1,1,14,4,2,2,2,0,0,0,0,4,3,1,2,1,0,0,5,3
s616989138.c,0,1,1,13,6,0,0,1,0,0,0,0,6,2,0,0,2,100,100,3,2
s616989138.c,1,1,1,21,7,1,1,2,0,0,0,0,7,5,1,2,1,0,0,5,3
s463134488.c,0,1,1,30,8,1,2,3,0,0,0,0,8,4,2,3,1,10000,10000,8,4
s463134488.c,1,1,1,16,6,0,0,1,0,0,0,0,6,3,0,1,1,0,0,3,2
s490981709.c,0,1,1,34,13,1,3,3,0,0,0,0,13,11,2,2,4,0,0,8,4
s490981709.c,0,1,1,13,7,0,0,1,0,0,0,0,7,3,0,0,2,0,0,3,2
s490981709.c,0,1,1,27,13,0,0,2,0,0,0,0,13,3,1,0,2,0,0,6,3
s490981709.c,0,1,1,27,13,0,0,2,0,0,0,0,13,3,1,0,2,0,0,6,3
s490981709.c,0,1,1,17,9,0,0,1,0,0,0,0,9,3,0,0,2,0,0,3,2
s383483764.c,0,1,1,13,6,0,0,1,0,0,0,0,6,2,0,0,2,100,100,3,2
s383483764.c,1,1,1,13,5,1,1,1,0,0,0,0,5,2,0,1,1,100,100,3,2
s611915434.c,0,1,1,11,5,1,1,1,0,0,0,0,5,3,0,0,2,0,0,3,2
s496565889.c,0,1,1,22,10,2,2,3,0,0,0,0,10,6,2,0,2,0,0,6,4
s862837467.c,0,1,1,17,6,1,2,2,0,0,0,0,6,4,1,2,2,0,0,5,3
s891373615.c,0,1,1,15,9,0,1,1,0,0,0,0,9,2,1,2,4,0,0,2,2
s891373615.c,0,1,1,11,5,1,1,1,0,0,0,0,5,3,0,0,2,0,0,3,2
s801478274.c,0,1,1,13,6,0,0,1,0,0,0,0,6,2,0,0,2,100,100,3,2
s801478274.c,1,1,1,24,9,0,0,2,0,0,0,0,9,6,1,2,1,100,100,5,3
s745707517.c,0,1,1,13,6,0,0,1,0,0,0,0,6,2,0,0,2,200006,200006,3,2
s745707517.c,1,1,1,41,19,0,0,4,0,0,0,0,19,6,3,1,5,200006,200006,11,5
s745707517.c,2,2,1,27,12,0,0,3,0,0,0,0,12,4,2,0,2,200006,200006,7,4
s916235147.c,0,1,1,13,6,0,0,1,0,0,0,0,6,2,0,0,2,100,100,3,2
s916235147.c,1,1,1,51,24,0,0,3,0,0,0,0,24,6,2,0,6,100,100,9,4
s916235147.c,2,2,1,38,18,0,0,2,0,0,0,0,18,3,1,0,4,100,100,5,3
s916235147.c,3,1,1,14,6,0,0,1,0,0,0,0,6,2,0,1,1,100,100,3,2
s104500871.c,0,1,1,10,5,1,1,1,0,0,0,0,5,3,1,0,2,0,0,2,2
s638148665.c,0,1,1,13,6,0,0,1,0,0,0,0,6,2,0,0,2,100,100,3,2
s638148665.c,1,1,1,51,24,0,0,3,0,0,0,0,24,6,2,0,6,100,100,9,4
s638148665.c,2,2,1,38,18,0,0,2,0,0,0,0,18,3,1,0,4,100,100,5,3
s638148665.c,3,1,1,25,10,0,0,2,0,0,0,0,10,3,1,2,1,100,100,6,3
s577470300.c,0,1,1,11,5,1,1,1,0,0,0,0,5,3,0,0,2,0,0,3,2
s237668527.c,0,1,1,29,14,0,2,2,0,0,0,0,14,9,1,0,5,0,0,6,3
s563738192.c,0,1,1,13,6,0,0,1,0,0,0,0,6,2,0,0,2,1000,1000,3,2
s563738192.c,1,1,1,29,12,0,0,2,0,0,0,0,12,5,1,2,1,1000,1000,6,3
s059962513.c,0,1,1,14,7,0,0,1,0,0,0,0,7,2,0,0,2,0,0,3,2
s059962513.c,1,1,1,19,10,0,0,1,0,0,0,0,10,2,0,0,2,0,0,3,2
s059962513.c,2,1,1,23,10,0,0,2,0,0,0,0,10,3,1,2,1,0,0,6,3
s423754550.c,0,1,1,13,6,0,0,1,0,0,0,0,6,2,0,0,2,200000,200000,3,2
s423754550.c,1,1,1,24,12,0,0,2,0,0,0,0,12,3,1,0,3,200000,200000,5,3
s423754550.c,2,1,1,27,12,0,0,3,0,0,0,0,12,4,2,0,2,200000,200000,7,4
s423754550.c,3,1,1,22,9,0,0,2,0,0,0,0,9,3,1,2,1,200000,200000,6,3
s711582811.c,0,1,1,26,7,0,3,3,0,0,0,0,7,4,2,3,2,0,0,9,4
s573806480.c,0,1,1,14,6,0,0,1,0,0,0,0,6,3,0,0,2,0,0,3,2
s573806480.c,1,1,1,21,7,2,2,2,0,0,0,0,7,3,1,2,1,0,0,6,3
s513907895.c,0,1,1,14,9,1,1,1,0,0,0,0,9,3,0,0,3,0,0,2,2
s784931806.c,0,1,1,13,6,0,0,1,0,0,0,0,6,2,0,0,2,0,0,3,2
s784931806.c,1,1,1,23,8,2,2,2,0,0,0,0,8,3,1,2,1,0,0,6,3
s168256851.c,0,1,1,12,5,1,1,1,0,0,0,0,5,2,0,0,2,0,0,3,2
s168256851.c,1,1,1,21,8,0,0,2,0,0,0,0,8,4,1,2,1,0,0,5,3
s144389110.c,0,1,1,22,11,0,1,2,0,0,0,0,11,5,1,1,4,0,0,5,3
s144389110.c,1,2,1,13,7,0,0,1,0,0,0,0,7,4,1,0,2,0,0,2,2
s285807913.c,0,1,1,26,12,0,0,2,0,0,0,0,12,3,1,0,3,0,0,5,3
s285807913.c,1,1,1,40,18,0,0,3,0,0,0,0,18,4,2,2,3,0,0,8,4
s806770593.c,0,1,1,24,12,0,0,2,0,0,0,0,12,3,1,0,3,200000,200000,5,3
s806770593.c,1,1,1,26,12,0,0,3,0,0,0,0,12,4,2,0,2,200000,200000,6,4
s806770593.c,2,1,1,19,8,0,0,2,0,0,0,0,8,3,1,2,1,0,0,6,3
s695987824.c,0,1,1,33,11,0,3,3,0,0,0,0,11,4,2,0,3,2,2,8,4
s739696502.c,0,1,1,11,5,1,1,1,0,0,0,0,5,4,0,0,2,0,0,2,2
s560260477.c,0,1,1,42,14,2,3,3,0,0,0,0,14,6,2,1,4,11,11,8,4
s560260477.c,0,1,1,13,5,0,1,1,0,0,0,0,5,2,0,0,1,0,0,3,2
s052940288.c,0,1,1,15,8,0,0,1,0,0,0,0,8,2,0,0,3,0,0,3,2
s052940288.c,1,1,1,20,6,1,1,2,0,0,0,0,6,3,1,3,1,0,0,6,3
s236186816.c,0,1,1,31,17,0,2,2,0,0,0,0,17,6,1,0,8,200,200,6,3
s236186816.c,1,2,1,10,5,0,1,1,0,0,0,0,5,3,0,0,2,0,0,2,2
s236186816.c,2,1,1,12,5,0,1,1,0,0,0,0,5,2,0,1,1,200,200,2,2
s814315995.c,0,1,0,22,12,1,1,1,0,0,0,0,12,4,1,1,6,0,0,5,3
s814315995.c,1,2,1,11,5,1,1,1,0,0,0,0,5,3,0,0,2,0,0,3,2
s565500951.c,0,1,1,13,6,0,0,1,0,0,0,0,6,2,0,0,2,100,100,3,2
s565500951.c,1,1,1,12,5,1,1,1,0,0,0,0,5,2,0,1,1,100,100,2,2
s123586330.c,0,1,1,14,6,0,0,1,0,0,0,0,6,3,0,0,2,100,100,3,2
s123586330.c,1,1,1,14,5,1,1,1,0,0,0,0,5,3,0,1,1,100,100,3,2
s563301568.c,0,1,1,20,11,0,1,1,0,0,0,0,11,2,0,0,5,200,200,3,2
s563301568.c,1,1,1,48,21,2,3,3,0,0,0,0,21,9,2,1,7,200,200,9,4
s563301568.c,2,2,1,16,7,1,1,1,0,0,0,0,7,3,0,0,2,200,200,2,2
s563301568.c,3,2,1,16,7,1,1,1,0,0,0,0,7,3,0,0,2,200,200,2,2
s591999742.c,0,1,1,13,6,0,0,1,0,0,0,0,6,2,0,0,2,200000,200000,3,2
s591999742.c,1,1,1,24,12,0,0,2,0,0,0,0,12,3,1,0,3,200000,200000,5,3
s591999742.c,2,1,1,22,9,0,0,2,0,0,0,0,9,3,1,2,1,200000,200000,6,3
s628568266.c,0,1,1,14,7,0,0,1,0,0,0,0,7,2,0,0,2,0,0,3,2
s628568266.c,1,1,1,52,25,0,0,5,0,0,0,0,25,7,4,1,5,0,0,13,6
s628568266.c,2,2,1,29,14,0,0,3,0,0,0,0,14,4,2,0,2,0,0,7,4
s603456841.c,0,1,1,59,24,0,2,4,0,0,0,0,24,10,3,1,6,0,0,10,5
s603456841.c,1,2,1,28,10,0,1,3,0,0,0,0,10,7,2,1,1,0,0,6,4
s934235534.c,0,1,1,13,6,0,0,1,0,0,0,0,6,2,0,0,2,0,0,3,2
s934235534.c,1,1,1,40,18,0,0,4,0,0,0,0,18,6,3,1,4,0,0,11,5
s934235534.c,2,2,1,27,12,0,0,3,0,0,0,0,12,4,2,0,2,0,0,7,4
count_even_numbers.c,0,1,1,21,9,1,1,2,0,0,0,0,9,5,1,0,2,0,0,5,3
sum_digits_loop.c,0,1,1,12,6,1,1,1,0,0,0,0,6,4,0,0,2,0,0,2,2
s540987398.c,0,1,1,15,5,0,1,1,0,0,0,0,5,3,0,1,1,8,8,3,2
s555334614.c,0,1,1,12,8,1,1,1,0,0,0,0,8,2,0,0,3,0,0,2,2
s672817643.c,0,1,1,32,11,0,3,3,0,0,0,0,11,4,2,0,3,4,4,7,4
s721948847.c,0,1,1,13,6,0,0,1,0,0,0,0,6,2,0,0,2,0,0,3,2
s721948847.c,1,1,1,17,7,0,0,1,0,0,0,0,7,4,0,1,1,0,0,3,2
s657454864.c,0,1,1,16,5,0,0,1,0,0,0,0,5,3,0,2,1,0,0,2,2
s657454864.c,1,1,1,25,10,1,1,1,0,0,1,0,10,4,1,2,2,0,0,5,3
s860012790.c,0,1,1,28,13,1,3,3,0,0,0,0,13,6,1,2,7,0,0,5,3
s860012790.c,1,2,1,10,5,0,1,1,0,0,0,0,5,3,0,0,2,0,0,2,2
s714428036.c,0,1,2,31,14,1,3,3,0,0,0,0,14,6,2,2,4,0,0,9,3
s714428036.c,1,2,1,8,3,1,1,1,0,0,0,0,3,2,0,0,1,0,0,3,2
s305215485.c,0,1,1,10,3,0,2,2,0,0,0,0,3,2,2,0,1,0,0,4,3
s305215485.c,1,1,1,23,8,0,2,3,0,0,0,0,8,4,2,0,2,200000,200000,8,4
s305215485.c,2,2,1,13,4,0,2,2,0,0,0,0,4,2,2,0,1,200000,200000,4,3
s305215485.c,3,1,1,36,17,0,0,4,0,0,0,0,17,6,3,1,4,200000,200000,10,5
s305215485.c,4,2,1,23,11,0,0,3,0,0,0,0,11,4,2,0,2,200000,200000,6,4
s177802411.c,0,1,1,52,21,0,0,4,0,0,0,0,21,5,3,0,4,2000010,2000010,8,5
s177802411.c,1,1,1,31,11,1,1,3,0,0,0,0,11,4,2,3,1,2000010,2000010,9,4
s465455987.c,0,1,1,13,6,0,0,1,0,0,0,0,6,2,0,0,2,0,0,3,2
s465455987.c,1,1,1,13,5,1,1,1,0,0,0,0,5,2,0,1,1,0,0,3,2
s124586338.c,0,1,1,20,8,1,1,2,0,0,0,0,8,3,1,2,1,0,0,5,3
s124586338.c,0,1,1,57,29,1,1,3,0,0,0,0,29,8,2,1,6,0,0,8,4
s124586338.c,1,2,1,28,13,1,1,2,0,0,0,0,13,4,1,0,2,0,0,4,3
s254627952.c,0,1,1,30,15,2,2,2,0,0,0,0,15,7,1,1,7,0,0,7,3
s254627952.c,1,2,1,12,5,1,1,1,0,0,0,0,5,4,0,0,2,0,0,3,2
s092030310.c,0,1,1,32,17,0,2,2,0,0,0,0,17,6,1,0,8,200,200,7,3
s092030310.c,1,2,1,11,5,0,1,1,0,0,0,0,5,3,0,0,2,0,0,3,2
s092030310.c,2,1,1,10,4,0,1,1,0,0,0,0,4,2,0,1,1,0,0,3,2
s930033629.c,0,1,3,26,11,2,3,3,0,0,0,0,11,9,2,0,4,0,0,6,2
s930033629.c,1,1,1,22,10,2,2,3,0,0,0,0,10,6,2,0,2,0,0,6,4
s930033629.c,2,1,1,12,6,0,0,1,0,0,0,0,6,3,0,0,2,0,0,3,2
s143083472.c,0,1,1,12,8,1,1,1,0,0,0,0,8,2,0,0,3,0,0,2,2
s072181126.c,0,1,1,11,7,1,1,1,0,0,0,0,7,2,0,0,3,0,0,2,2
s072181126.c,1,1,1,12,8,1,1,1,0,0,0,0,8,2,0,0,3,0,0,2,2
s803074784.c,0,1,1,28,14,0,0,2,0,0,0,0,14,3,1,0,4,200007,200007,5,3
s803074784.c,1,1,1,47,21,0,0,5,0,0,0,0,21,7,4,2,4,200007,200007,13,6
s803074784.c,2,2,1,26,12,0,0,3,0,0,0,0,12,4,2,0,2,200007,200007,6,4
s718968747.c,0,1,1,56,21,1,4,5,0,0,0,0,21,11,4,0,6,11,11,11,6
s609670319.c,0,1,1,53,21,1,4,5,0,0,0,0,21,9,4,0,6,11,11,10,6
s609670319.c,1,1,1,15,6,0,0,1,0,0,0,0,6,2,0,1,1,11,11,3,2
s379827837.c,0,1,1,12,8,1,1,1,0,0,0,0,8,2,0,0,3,0,0,2,2
s847698565.c,0,1,1,12,6,0,0,1,0,0,0,0,6,2,0,0,2,100,100,2,2
s847698565.c,1,1,1,35,17,0,0,1,0,0,0,0,17,8,0,0,5,100,100,2,2
s847698565.c,2,1,1,14,6,0,0,1,0,0,0,0,6,2,0,2,1,100,100,2,2
s196079211.c,0,1,1,28,12,2,2,4,0,0,0,0,12,7,3,0,2,0,0,8,5
s442729933.c,0,1,1,11,6,0,0,1,0,0,0,0,6,3,0,0,2,0,0,2,2
s442729933.c,1,1,1,10,5,1,1,1,0,0,0,0,5,3,0,0,2,0,0,2,2
s442729933.c,2,1,1,10,5,1,1,1,0,0,0,0,5,3,0,0,2,0,0,2,2
s442729933.c,3,1,1,11,6,0,0,1,0,0,0,0,6,3,0,0,2,0,0,2,2
s357736109.c,0,1,1,13,6,0,0,1,0,0,0,0,6,2,0,0,2,0,0,3,2
s357736109.c,1,1,1,17,7,0,0,1,0,0,0,0,7,4,0,1,1,0,0,3,2
s754154417.c,0,1,1,22,10,2,2,3,0,0,0,0,10,6,2,0,2,0,0,6,4
s353465276.c,0,1,1,15,5,0,1,1,0,0,0,0,5,3,0,2,2,0,0,3,2
s322549749.c,0,1,1,47,19,1,3,4,0,0,0,0,19,8,3,0,6,100,100,8,5
s322549749.c,1,1,1,27,10,1,1,2,0,0,0,0,10,4,1,1,2,100,100,6,3
s322549749.c,2,2,1,11,4,1,1,1,0,0,0,0,4,2,0,0,1,100,100,2,2
s403127174.c,0,1,1,26,10,0,2,2,0,0,0,0,10,3,1,0,3,5,5,6,3
s201959761.c,0,1,1,13,6,0,0,1,0,0,0,0,6,2,0,0,2,0,0,3,2
s201959761.c,1,1,1,23,8,1,1,2,0,0,0,0,8,3,1,2,1,0,0,6,3
s818551725.c,0,1,1,17,5,0,1,1,0,0,0,0,5,1,0,2,3,0,0,5,4
s294029029.c,0,1,1,12,8,1,1,1,0,0,0,0,8,2,0,0,3,0,0,2,2
s497014485.c,0,1,1,30,14,0,0,2,0,0,0,0,14,3,1,0,4,200000,200000,5,3
s497014485.c,1,1,1,20,9,0,0,2,0,0,0,0,9,4,1,0,2,200000,200000,5,3
s497014485.c,2,1,1,77,36,1,2,7,0,0,0,0,36,9,6,0,10,200000,200000,18,8
s497014485.c,3,2,1,27,12,0,0,3,0,0,0,0,12,4,2,0,2,200000,200000,7,4
s497014485.c,4,1,1,14,6,0,0,1,0,0,0,0,6,2,0,1,1,200000,200000,3,2
s997899177.c,0,1,1,13,5,0,1,1,0,0,0,0,5,2,0,0,2,100,100,3,2
s997899177.c,1,1,1,15,6,0,0,1,0,0,0,0,6,2,0,0,2,100,100,3,2
s997899177.c,2,1,1,15,5,1,1,1,0,0,0,0,5,2,0,1,1,100,100,3,2
s126690364.c,0,1,1,57,18,0,4,5,0,0,0,0,18,8,4,1,5,10,10,13,6
s523562780.c,0,1,1,14,6,0,0,1,0,0,0,0,6,3,0,0,2,100,100,3,2
s523562780.c,1,1,1,13,5,0,1,1,0,0,0,0,5,2,0,1,1,100,100,3,2
s062104764.c,0,1,1,13,6,0,0,1,0,0,0,0,6,2,0,0,2,1000,1000,3,2
s062104764.c,1,1,1,23,8,2,2,2,0,0,0,0,8,3,1,2,1,1000,1000,6,3
s583315849.c,0,1,1,21,11,0,1,1,0,0,0,0,11,3,0,0,5,10,10,3,2
s583315849.c,1,1,1,28,11,1,2,2,0,0,0,0,11,6,1,1,3,10,10,8,3
s583315849.c,2,2,1,16,7,1,1,1,0,0,0,0,7,4,0,0,2,10,10,3,2
s080931511.c,0,1,1,13,6,0,0,1,0,0,0,0,6,2,0,0,2,200000,200000,3,2
s080931511.c,1,1,1,50,25,0,0,3,0,0,0,0,25,5,2,1,8,200000,200000,9,4
s080931511.c,2,2,1,22,10,0,0,2,0,0,0,0,10,3,1,0,2,200000,200000,5,3
count_digits_loop.c,0,1,1,10,5,1,1,1,0,0,0,0,5,3,0,0,2,0,0,2,2
s640088954.c,0,1,2,36,17,3,3,3,0,0,0,0,17,7,2,2,4,100,100,6,3
s527669240.c,0,1,1,69,20,1,13,13,0,0,0,0,20,15,12,7,4,0,0,27,14
s973488783.c,0,1,1,42,20,0,0,3,0,0,0,0,20,4,2,0,5,0,0,8,4
s973488783.c,1,1,1,22,9,0,0,2,0,0,0,0,9,3,1,2,1,0,0,6,3
s220114462.c,0,1,1,13,6,0,0,1,0,0,0,0,6,2,0,0,2,100,100,3,2
s220114462.c,1,1,1,18,6,2,2,2,0,0,0,0,6,3,1,2,1,100,100,5,3
reverse_array.c,0,1,1,38,20,0,0,1,0,0,0,0,20,7,0,0,4,0,0,3,2
s941906463.c,0,1,1,25,9,1,1,2,0,0,0,0,9,6,1,0,3,100000,100000,6,3
s941906463.c,1,1,1,53,23,0,0,4,0,0,0,0,23,11,3,0,7,2,100000,11,5
s941906463.c,2,2,1,40,17,0,0,3,0,0,0,0,17,8,2,0,4,2,100000,7,4
s941906463.c,3,1,1,53,23,0,0,4,0,0,0,0,23,11,3,0,7,2,100000,11,5
s941906463.c,4,2,1,40,17,0,0,3,0,0,0,0,17,8,2,0,4,2,100000,7,4
s868659232.c,0,1,1,17,6,1,2,2,0,0,0,0,6,4,1,2,2,0,0,5,3
s426556381.c,0,1,1,13,6,0,0,1,0,0,0,0,6,2,0,0,2,200000,200000,3,2
s426556381.c,1,1,1,22,10,0,0,2,0,0,0,0,10,3,1,0,2,200000,200000,5,3
s426556381.c,2,1,1,33,15,0,0,3,0,0,0,0,15,5,2,0,3,200000,200000,7,4
s426556381.c,3,1,1,27,11,0,0,3,0,0,0,0,11,5,2,2,1,200000,200000,7,4
s777467103.c,0,1,1,12,8,1,1,1,0,0,0,0,8,2,0,0,3,0,0,2,2
s080207254.c,0,1,1,13,6,0,0,1,0,0,0,0,6,2,0,0,2,200001,200001,3,2
s080207254.c,1,1,1,54,26,0,0,3,0,0,0,0,26,6,2,1,8,200001,200001,9,4
s080207254.c,2,2,1,26,11,0,0,2,0,0,0,0,11,4,1,0,2,200001,200001,5,3
s257076380.c,0,1,1,10,4,1,1,1,0,0,0,0,4,2,0,0,1,100055,100055,2,2
s257076380.c,1,1,1,31,10,0,2,3,0,0,0,0,10,5,2,1,1,100055,100055,6,4
s904843656.c,0,1,1,12,5,1,1,1,0,0,0,0,5,4,0,0,2,0,0,3,2
s720861966.c,0,1,1,22,10,2,2,3,0,0,0,0,10,6,2,0,2,0,0,6,4
s088648494.c,0,1,0,34,18,0,2,2,0,0,0,0,18,7,2,1,8,0,0,8,4
s088648494.c,1,2,2,14,6,0,2,2,0,0,0,0,6,4,1,0,2,0,0,4,2
s868345314.c,0,1,1,56,22,0,3,4,0,0,0,0,22,8,3,0,7,11,11,11,5
s581276663.c,0,1,1,13,6,0,0,1,0,0,0,0,6,2,0,0,2,100,100,3,2
s581276663.c,1,1,1,13,5,1,1,1,0,0,0,0,5,2,0,1,1,100,100,3,2
s429294661.c,0,1,1,13,6,0,0,1,0,0,0,0,6,2,0,0,2,200000,200000,3,2
s429294661.c,1,1,1,38,18,0,0,3,0,0,0,0,18,4,2,0,4,200000,200000,8,4
s429294661.c,2,1,1,22,9,0,0,2,0,0,0,0,9,3,1,2,1,200000,200000,6,3
s067347634.c,0,1,1,72,24,1,2,5,0,0,0,0,24,12,4,3,7,11,11,16,6
s067347634.c,1,2,1,21,7,0,0,1,0,0,0,0,7,4,0,1,2,11,11,3,2
s067347634.c,2,2,1,20,7,0,0,1,0,0,0,0,7,3,0,1,2,11,11,3,2
s951652104.c,0,1,1,38,15,2,3,3,0,0,0,0,15,6,2,0,4,16,16,7,4
s921395775.c,0,1,1,13,6,0,0,1,0,0,0,0,6,2,0,0,2,0,0,3,2
s921395775.c,1,1,1,14,6,0,0,1,0,0,0,0,6,2,0,1,1,0,0,3,2
s775293341.c,0,1,1,31,17,0,0,2,0,0,0,0,17,3,1,0,4,0,0,5,3
s775293341.c,1,1,1,29,14,0,0,3,0,0,0,0,14,4,2,0,2,0,0,7,4
s775293341.c,2,1,1,23,10,0,0,2,0,0,0,0,10,3,1,2,1,0,0,6,3
s221487779.c,0,1,1,13,6,0,0,1,0,0,0,0,6,2,0,0,2,0,0,3,2
s221487779.c,1,1,1,13,5,1,1,1,0,0,0,0,5,2,0,1,1,0,0,3,2
s131950008.c,0,1,1,13,6,0,0,1,0,0,0,0,6,2,0,0,2,0,0,3,2
s131950008.c,1,1,1,18,6,2,2,2,0,0,0,0,6,3,1,2,1,0,0,5,3
s212010175.c,0,1,1,13,6,0,0,1,0,0,0,0,6,2,0,0,2,200000,200000,3,2
s212010175.c,1,1,1,98,45,1,1,8,0,0,0,0,45,13,7,2,12,200000,200000,24,9
s212010175.c,2,2,1,22,10,0,0,2,0,0,0,0,10,3,1,0,2,200000,200000,5,3
s212010175.c,3,2,1,22,10,0,0,2,0,0,0,0,10,3,1,0,2,200000,200000,5,3
s212010175.c,4,2,1,22,10,0,0,2,0,0,0,0,10,3,1,0,2,200000,200000,5,3
s091211689.c,0,1,1,13,6,0,0,1,0,0,0,0,6,2,0,0,2,1000,1000,3,2
s091211689.c,1,1,1,13,5,0,1,1,0,0,0,0,5,2,0,1,1,1000,1000,3,2
s588624626.c,0,1,1,26,10,2,3,3,0,0,0,0,10,3,2,2,2,0,0,7,4
s588624626.c,1,1,1,29,8,1,1,2,0,0,0,0,8,6,1,1,1,0,0,5,3
s144003944.c,0,1,1,62,24,2,4,4,0,0,0,0,24,8,3,0,8,11,11,11,5
s313996544.c,0,1,1,14,9,1,1,1,0,0,0,0,9,3,0,0,3,0,0,2,2
s843660871.c,0,1,1,26,7,0,3,3,0,0,0,0,7,4,2,2,1,4,4,7,4
s023464383.c,0,1,1,13,6,0,0,1,0,0,0,0,6,2,0,0,2,0,0,3,2
s023464383.c,0,1,1,57,32,0,0,3,0,0,0,0,32,6,2,0,8,0,0,9,4
s023464383.c,1,2,1,32,18,0,0,2,0,0,0,0,18,3,1,0,4,0,0,5,3
s023464383.c,0,1,1,15,7,0,0,1,0,0,0,0,7,2,0,1,1,0,0,3,2
s471312161.c,0,1,1,56,21,1,4,5,0,0,0,0,21,11,4,0,6,11,11,11,6
s471312161.c,1,1,1,15,6,0,0,1,0,0,0,0,6,2,0,1,1,11,11,3,2
s227387393.c,0,1,1,16,9,0,1,1,0,0,0,0,9,3,0,0,4,20,20,2,2
s227387393.c,1,1,1,32,13,0,2,2,0,0,0,0,13,5,1,1,4,20,20,7,3
s227387393.c,2,2,1,19,8,0,1,1,0,0,0,0,8,3,0,0,2,20,20,2,2
s272284325.c,0,1,1,12,8,1,1,1,0,0,0,0,8,2,0,0,3,0,0,2,2
s972791135.c,0,1,1,13,6,0,0,1,0,0,0,0,6,2,0,0,2,200000,200000,3,2
s972791135.c,1,1,1,50,25,0,0,3,0,0,0,0,25,5,2,1,8,200000,200000,9,4
s972791135.c,2,2,1,22,10,0,0,2,0,0,0,0,10,3,1,0,2,200000,200000,5,3
s207889438.c,0,1,1,36,18,0,0,2,0,0,0,0,18,3,1,0,5,200001,200001,5,3
s207889438.c,1,1,1,51,24,0,0,3,0,0,0,0,24,6,2,0,6,200001,200001,9,4
s207889438.c,2,2,1,38,18,0,0,2,0,0,0,0,18,3,1,0,4,200001,200001,5,3
s207889438.c,3,1,1,27,10,0,0,2,0,0,0,0,10,5,1,2,1,200001,200001,6,3
s824294204.c,0,1,1,19,5,0,2,2,0,0,0,0,5,3,1,2,1,3,3,6,3
s706253029.c,0,1,1,10,5,1,1,1,0,0,0,0,5,3,0,0,2,0,0,2,2
s985047890.c,0,1,1,13,6,0,0,1,0,0,0,0,6,2,0,0,2,100,100,3,2
s985047890.c,1,1,1,22,8,1,1,2,0,0,0,0,8,5,1,2,1,100,100,5,3
s868245498.c,0,1,1,28,14,0,0,2,0,0,0,0,14,3,1,0,4,2000010,2000010,5,3
s868245498.c,1,1,1,29,13,0,0,3,0,0,0,0,13,4,2,0,2,2000010,2000010,6,4
s868245498.c,2,1,1,19,8,0,0,2,0,0,0,0,8,3,1,2,1,0,0,6,3
s229709181.c,0,1,3,30,13,1,2,4,0,0,0,0,13,10,3,0,2,0,0,7,3
s685375707.c,0,1,1,38,15,2,2,2,0,0,0,0,15,5,1,0,5,11,11,8,4
s890145142.c,0,1,1,28,14,0,0,2,0,0,0,0,14,3,1,0,4,200010,200010,5,3
s890145142.c,1,1,1,29,14,0,0,3,0,0,0,0,14,4,2,0,3,200010,200010,7,4
s890145142.c,2,1,1,19,8,0,0,2,0,0,0,0,8,3,1,2,1,0,0,6,3
s132914378.c,0,1,1,12,5,0,1,1,0,0,0,0,5,2,0,0,2,11,11,3,2
s132914378.c,1,1,1,64,24,2,5,5,0,0,0,0,24,9,4,0,8,11,11,13,6
s132914378.c,2,1,1,15,6,0,0,1,0,0,0,0,6,2,0,1,1,11,11,3,2
s586436448.c,0,1,1,12,8,1,1,1,0,0,0,0,8,2,0,0,3,0,0,2,2
s166458473.c,0,1,1,29,14,0,0,2,0,0,0,0,14,3,1,0,4,200000,200000,5,3
s166458473.c,1,1,1,45,19,0,0,4,0,0,0,0,19,6,3,2,4,200000,200000,12,5
s166458473.c,2,2,1,23,10,0,0,2,0,0,0,0,10,3,1,0,2,200000,200000,5,3
s211164979.c,0,1,1,13,6,0,0,1,0,0,0,0,6,2,0,0,2,200000,200000,3,2
s211164979.c,1,1,1,26,12,0,0,2,0,0,0,0,12,3,1,0,3,200000,200000,5,3
s211164979.c,2,1,1,28,12,0,0,2,0,0,1,0,12,4,2,0,2,200000,200000,6,4
s211164979.c,3,1,1,22,9,0,0,2,0,0,0,0,9,3,1,2,1,200000,200000,6,3
s319522860.c,0,1,1,13,6,0,0,1,0,0,0,0,6,2,0,0,2,1000,1000,3,2
s319522860.c,1,1,1,34,16,0,0,1,0,0,0,0,16,7,0,0,4,1000,1000,3,2
s319522860.c,2,1,1,19,7,1,1,2,0,0,0,0,7,3,1,2,1,1000,1000,5,3
s488585616.c,0,1,1,11,5,0,1,1,0,0,0,0,5,3,0,0,2,0,0,3,2
s550102758.c,0,1,1,40,19,0,0,4,0,0,0,0,19,6,3,1,5,200000,200000,10,5
s550102758.c,1,2,1,26,12,0,0,3,0,0,0,0,12,4,2,0,2,200000,200000,6,4
s524151810.c,0,1,1,12,3,0,1,1,0,0,0,0,3,2,0,3,0,0,0,2,2
s908305484.c,0,1,1,13,6,0,0,1,0,0,0,0,6,2,0,0,2,0,0,3,2
s908305484.c,1,1,1,13,5,1,1,1,0,0,0,0,5,2,0,1,1,0,0,3,2
s971566353.c,0,1,1,33,13,3,4,4,0,0,0,0,13,7,3,2,4,0,0,10,5
s971566353.c,1,2,1,11,5,1,1,1,0,0,0,0,5,3,0,0,2,0,0,3,2
s071068201.c,0,1,1,13,6,0,0,1,0,0,0,0,6,2,0,0,2,1000,1000,3,2
s071068201.c,1,1,1,13,5,0,1,1,0,0,0,0,5,2,0,1,1,1000,1000,3,2
s753581462.c,0,1,1,14,9,1,1,1,0,0,0,0,9,2,0,1,3,0,0,2,2
s182382346.c,0,1,1,45,23,0,0,3,0,0,0,0,23,4,2,0,4,0,0,8,4
s182382346.c,1,1,1,23,10,0,0,2,0,0,0,0,10,3,1,2,1,0,0,6,3
s722909500.c,0,1,1,41,16,1,1,2,0,0,0,0,16,6,1,1,6,16,16,9,5
s722909500.c,1,1,1,15,6,0,0,1,0,0,0,0,6,2,0,1,1,16,16,3,2
s984157583.c,0,1,1,13,6,0,0,1,0,0,0,0,6,2,0,0,2,0,0,3,2
s984157583.c,1,1,1,20,8,2,2,2,0,0,0,0,8,3,1,2,2,0,0,5,3
s961301965.c,0,1,2,58,22,0,3,5,0,0,0,0,22,9,4,0,6,11,11,12,5
s981972856.c,0,1,1,35,14,1,2,2,0,0,0,0,14,5,1,0,4,11,11,6,3
s373192480.c,0,1,1,10,5,1,1,1,0,0,0,0,5,3,0,0,2,0,0,2,2
loop_with_continue.c,0,1,1,17,7,1,2,2,0,0,0,0,7,5,1,0,2,0,0,5,3
s605241178.c,0,1,1,50,21,0,3,3,0,0,0,0,21,9,2,0,7,10,10,9,4
s605241178.c,1,2,1,30,13,0,1,1,0,0,0,0,13,6,0,0,5,10,10,3,2
s864745757.c,0,1,1,33,11,0,3,3,0,0,0,0,11,4,2,0,3,3,3,8,4
sum_even_loop.c,0,1,1,12,6,0,1,1,0,0,0,0,6,3,0,0,2,0,0,3,2
s852114445.c,0,1,1,14,7,0,0,1,0,0,0,0,7,2,0,0,2,1000,1000,3,2
s852114445.c,1,1,1,17,7,0,0,1,0,0,0,0,7,4,0,1,1,1000,1000,3,2
s301180336.c,0,1,1,22,9,1,1,2,0,0,0,0,9,3,1,0,3,100,100,6,3
s301180336.c,1,1,1,23,8,2,2,2,0,0,0,0,8,3,1,2,1,100,100,6,3
s141373890.c,0,1,1,23,15,1,1,2,0,0,0,0,15,3,1,0,6,0,0,5,3
s699415056.c,0,1,1,19,7,0,2,2,0,0,0,0,7,3,0,0,2,4,4,3,2
s575135405.c,0,1,1,8,4,1,1,1,0,0,0,0,4,2,1,0,1,0,0,2,2
s575135405.c,1,1,1,8,4,1,1,1,0,0,0,0,4,2,1,0,1,0,0,2,2
s770186323.c,0,1,1,13,6,0,0,1,0,0,0,0,6,2,0,0,2,100,100,3,2
s770186323.c,1,1,1,24,9,0,0,2,0,0,0,0,9,4,1,3,1,100,100,6,3
s291349872.c,0,1,1,21,10,0,0,1,0,0,0,0,10,2,0,0,3,200001,200001,3,2
s291349872.c,1,1,1,22,9,0,0,2,0,0,0,0,9,3,1,2,1,200001,200001,6,3
s736838727.c,0,1,1,22,10,2,2,3,0,0,0,0,10,6,2,0,2,0,0,6,4
s736838727.c,1,1,1,22,10,2,2,3,0,0,0,0,10,6,2,0,2,0,0,6,4
s419944822.c,0,1,1,12,8,1,1,1,0,0,0,0,8,2,0,0,3,0,0,2,2
s072243022.c,0,1,1,12,8,1,1,1,0,0,0,0,8,2,0,0,3,0,0,2,2
s427265720.c,0,1,1,31,11,0,3,3,0,0,0,0,11,4,1,0,3,3,3,6,3
s892823671.c,0,1,1,13,6,0,0,1,0,0,0,0,6,2,0,0,2,0,0,3,2
s892823671.c,1,1,1,13,5,1,1,1,0,0,0,0,5,2,0,1,1,0,0,3,2
s088784299.c,0,1,1,14,6,0,0,1,0,0,0,0,6,3,0,0,2,100,100,3,2
s088784299.c,1,1,1,35,16,0,0,1,0,0,0,0,16,8,0,0,4,100,100,3,2
s088784299.c,2,1,1,24,8,0,0,2,0,0,0,0,8,5,1,3,1,100,100,6,3
s074357900.c,0,1,1,51,17,2,4,5,0,0,0,0,17,8,4,1,5,11,11,12,6
s074357900.c,1,2,1,16,5,1,2,2,0,0,0,0,5,3,1,0,1,11,11,4,3
s074357900.c,2,1,1,25,7,0,1,2,0,0,0,0,7,3,1,2,1,11,11,5,3
s427183118.c,0,1,1,73,33,2,5,5,0,0,0,0,33,9,4,0,7,11,11,10,6
s303536611.c,0,1,1,62,23,2,5,5,0,0,0,0,23,9,4,0,7,11,11,12,6
s817095535.c,0,1,1,53,19,2,3,4,0,0,0,0,19,10,3,1,7,11,11,11,5
s817095535.c,1,1,1,15,6,0,0,1,0,0,0,0,6,2,0,1,1,11,11,3,2
s604120719.c,0,1,1,13,6,0,0,1,0,0,0,0,6,2,0,0,2,100,100,3,2
s604120719.c,1,1,1,20,7,0,0,2,0,0,0,0,7,4,1,2,1,100,100,5,3
prime_check.c,0,1,2,16,7,1,1,2,0,0,0,0,7,5,1,0,1,0,0,4,2
s793399651.c,0,1,1,17,9,0,0,1,0,0,0,0,9,5,0,0,3,0,0,3,2
s661896399.c,0,1,1,25,9,0,2,2,0,0,0,0,9,3,1,0,3,4,4,6,3
s251531547.c,0,1,1,12,8,1,1,1,0,0,0,0,8,2,0,0,3,0,0,2,2
s352619746.c,0,1,1,10,5,0,1,1,0,0,0,0,5,3,0,0,2,0,0,2,2
s796738606.c,0,1,1,12,5,0,1,1,0,0,0,0,5,2,0,0,2,11,11,3,2
s796738606.c,1,1,1,39,16,1,3,3,0,0,0,0,16,6,2,0,5,11,11,8,4
s537811323.c,0,1,1,13,6,0,0,1,0,0,0,0,6,2,0,0,2,200000,200000,3,2
s537811323.c,1,1,1,38,18,0,0,3,0,0,0,0,18,4,2,0,4,200000,200000,8,4
s537811323.c,2,1,1,25,10,0,0,2,0,0,0,0,10,3,1,1,1,200000,200000,6,3
s870379341.c,0,1,1,21,10,0,0,1,0,0,0,0,10,2,0,0,3,200000,200000,3,2
s870379341.c,1,1,2,17,7,0,0,2,0,0,0,0,7,3,1,0,1,200000,200000,4,2
s870379341.c,2,1,1,24,9,0,0,2,0,0,0,0,9,3,1,2,1,200000,200000,6,3
s664738862.c,0,1,1,10,5,1,1,1,0,0,0,0,5,3,0,0,1,0,0,2,2
count_even_odd.c,0,1,1,27,13,1,1,2,0,0,0,0,13,6,1,0,3,0,0,6,3
s496441085.c,0,1,1,55,20,1,4,5,0,0,0,0,20,9,4,0,7,1111,1111,11,6
s622109772.c,0,1,1,17,8,0,0,1,0,0,0,0,8,2,0,0,3,0,0,3,2
s622109772.c,1,1,1,13,6,0,0,1,0,0,0,0,6,2,0,0,2,0,0,3,2
s622109772.c,2,1,1,44,19,0,0,4,0,0,0,0,19,6,3,0,4,0,0,11,5
s622109772.c,3,2,1,33,14,0,0,3,0,0,0,0,14,4,2,0,2,0,0,7,4
s622109772.c,4,1,1,14,6,0,0,1,0,0,0,0,6,2,0,1,1,0,0,3,2
s775901538.c,0,1,1,71,23,0,4,5,0,0,0,0,23,12,4,1,7,10,10,9,6
s775901538.c,1,1,1,25,7,0,1,2,0,0,0,0,7,3,1,2,1,10,10,5,3
s780039349.c,0,1,1,13,6,0,0,1,0,0,0,0,6,2,0,0,2,200000,200000,3,2
s780039349.c,1,1,1,46,23,0,0,4,0,0,0,0,23,5,3,0,5,200000,200000,8,5
s780039349.c,2,1,1,19,8,0,0,2,0,0,0,0,8,3,1,2,1,0,0,6,3
s484811813.c,0,1,1,58,21,1,4,5,0,0,0,0,21,9,4,0,6,50,50,13,6
s484811813.c,1,1,1,28,12,0,1,2,0,0,0,0,12,4,1,0,3,50,50,5,3
s415122187.c,0,1,2,20,7,3,3,3,0,0,0,0,7,6,2,0,1,0,0,5,3
s349104803.c,0,1,1,8,4,0,0,1,0,0,0,0,4,2,0,0,1,0,0,2,2
s349104803.c,1,1,1,21,10,0,0,1,0,0,0,0,10,4,0,1,1,0,0,3,2
s349104803.c,2,1,1,31,13,1,1,1,0,0,0,0,13,8,0,1,1,0,0,3,2
s349104803.c,0,1,1,14,8,1,1,1,0,0,0,0,8,2,0,0,4,0,0,2,2
s349104803.c,0,1,1,33,14,1,1,1,0,0,0,0,14,8,0,1,1,0,0,3,2
s349104803.c,0,1,1,33,14,1,1,1,0,0,0,0,14,8,0,1,1,0,0,3,2
s349104803.c,0,1,1,40,18,2,2,3,0,0,0,0,18,11,2,0,8,32,64,7,4
s349104803.c,1,1,1,16,7,1,1,1,0,0,0,0,7,3,0,0,3,32,64,2,2
s349104803.c,2,1,1,26,13,0,0,1,0,0,0,0,13,3,0,1,1,64,64,3,2
s349104803.c,0,1,1,13,7,0,0,1,0,0,0,0,7,2,0,1,2,0,0,3,2
s349104803.c,1,1,1,30,15,0,0,2,0,0,0,0,15,5,1,3,2,0,0,6,3
s900053342.c,0,1,1,47,27,0,0,4,0,0,0,0,27,5,3,0,4,0,0,9,5
s900053342.c,1,1,1,20,10,0,0,2,0,0,0,0,10,4,1,0,2,0,0,5,3
s900053342.c,2,1,1,22,10,0,0,2,0,0,0,0,10,3,1,2,1,0,0,6,3
s900053342.c,3,1,1,11,5,0,0,1,0,0,0,0,5,2,0,1,1,0,0,3,2
s562298590.c,0,1,1,12,5,0,1,1,0,0,0,0,5,2,0,0,2,11,11,3,2
s562298590.c,1,1,2,47,17,1,5,5,0,0,0,0,17,8,4,0,4,11,11,12,5
s562298590.c,2,1,1,15,6,0,0,1,0,0,0,0,6,2,0,1,1,11,11,3,2
s804646038.c,0,1,1,12,8,1,1,1,0,0,0,0,8,2,0,0,3,0,0,2,2
s857900654.c,0,1,1,24,12,0,0,2,0,0,0,0,12,3,1,0,2,0,0,5,3
s857900654.c,0,1,1,13,6,0,0,1,0,0,0,0,6,2,0,0,2,0,0,3,2
s857900654.c,1,1,1,15,8,0,0,1,0,0,0,0,8,2,0,2,2,0,0,3,2
s901965289.c,0,1,1,12,8,1,1,1,0,0,0,0,8,2,0,0,3,0,0,2,2
s868852800.c,0,1,1,13,6,0,0,1,0,0,0,0,6,2,0,0,2,200000,200000,3,2
s868852800.c,1,1,1,62,29,0,0,4,0,0,0,0,29,7,3,0,7,200000,200000,11,5
s868852800.c,2,2,1,49,23,0,0,3,0,0,0,0,23,4,2,0,5,200000,200000,7,4
s868852800.c,3,1,1,25,10,0,0,3,0,0,0,0,10,4,2,2,1,200000,200000,7,4
s952359566.c,0,1,1,34,13,1,4,4,0,0,1,1,13,5,4,2,1,0,0,9,6
s952359566.c,1,1,1,10,5,0,0,0,0,0,1,1,5,1,0,1,2,0,0,2,2
s952359566.c,2,1,1,22,7,2,2,2,0,0,0,0,7,3,1,1,1,16,16,5,3
s475901061.c,0,1,1,13,6,0,0,1,0,0,0,0,6,2,0,0,2,100000,100000,3,2
s475901061.c,1,1,1,18,6,0,2,2,0,0,0,0,6,3,1,2,1,100000,100000,5,3
s269270322.c,0,1,1,13,6,0,0,1,0,0,0,0,6,2,0,0,2,0,0,3,2
s269270322.c,1,1,1,13,5,1,1,1,0,0,0,0,5,2,0,1,1,0,0,3,2
s749562267.c,0,1,1,13,6,0,0,1,0,0,0,0,6,2,0,0,2,0,0,3,2
s749562267.c,1,1,1,14,6,0,0,1,0,0,0,0,6,2,0,1,1,0,0,3,2
s701679357.c,0,1,1,13,6,0,0,1,0,0,0,0,6,2,0,0,2,101,101,3,2
s701679357.c,1,1,1,13,5,0,0,1,0,0,0,0,5,2,0,1,1,101,101,3,2
s372063944.c,0,1,1,12,8,1,1,1,0,0,0,0,8,2,0,0,3,0,0,2,2
s372063944.c,1,1,1,12,8,1,1,1,0,0,0,0,8,2,0,0,3,0,0,2,2
s450719800.c,0,1,1,13,4,1,1,1,0,0,0,0,4,3,0,3,0,0,0,2,2
s999376459.c,0,1,1,12,8,1,1,1,0,0,0,0,8,2,0,0,3,0,0,2,2
s663377157.c,0,1,1,13,6,0,0,1,0,0,0,0,6,2,0,0,2,100,100,3,2
s663377157.c,1,1,1,18,6,2,2,2,0,0,0,0,6,3,1,2,1,100,100,5,3
s004278545.c,0,1,1,11,7,1,1,1,0,0,0,0,7,2,0,0,3,0,0,2,2
s875573812.c,0,1,1,25,9,0,2,2,0,0,0,0,9,3,1,0,3,4,4,6,3
s162253768.c,0,1,1,18,8,0,1,1,0,0,0,0,8,5,0,0,3,3,3,3,2
s162253768.c,1,1,1,16,5,0,2,2,0,0,0,0,5,3,0,1,1,3,3,3,2
s290508495.c,0,1,1,13,6,0,0,1,0,0,0,0,6,2,0,0,2,0,0,3,2
s290508495.c,1,1,1,20,6,2,2,2,0,0,0,0,6,3,1,3,1,0,0,6,3
s564764568.c,0,1,1,10,5,1,1,1,0,0,0,0,5,3,0,0,2,0,0,2,2
s297736943.c,0,1,1,13,6,0,0,1,0,0,0,0,6,2,0,0,2,200000,200000,3,2
s297736943.c,1,1,1,24,12,0,0,2,0,0,0,0,12,3,1,0,3,200000,200000,5,3
s297736943.c,2,1,1,24,11,0,0,3,0,0,0,0,11,4,2,0,2,200000,200000,7,4
s297736943.c,3,1,1,25,10,0,0,2,0,0,0,0,10,3,1,2,1,200000,200000,6,3
s032679733.c,0,1,1,43,15,1,3,3,0,0,0,0,15,5,2,1,4,11,11,7,4
sum_array.c,0,1,1,17,9,0,0,1,0,0,0,0,9,3,0,0,2,0,0,3,2
s153492107.c,0,1,1,12,8,1,1,1,0,0,0,0,8,2,0,0,3,0,0,2,2
s885221374.c,0,1,1,13,6,0,0,1,0,0,0,0,6,2,0,0,2,1001,1001,3,2
s885221374.c,1,1,1,23,8,2,2,2,0,0,0,0,8,3,1,2,1,1001,1001,6,3
s420139853.c,0,1,1,13,6,0,0,1,0,0,0,0,6,2,0,0,2,0,0,3,2
s420139853.c,1,1,1,24,12,0,0,2,0,0,0,0,12,3,1,0,3,0,0,5,3
s420139853.c,2,1,1,49,22,0,0,5,0,0,0,0,22,7,4,2,5,0,0,14,6
s420139853.c,3,2,1,27,12,0,0,3,0,0,0,0,12,4,2,0,2,0,0,7,4
s571350398.c,0,1,1,52,19,2,4,4,0,0,0,0,19,8,3,0,7,100,100,10,5
factorial_iterative.c,0,1,1,13,7,0,0,1,0,0,0,0,7,3,0,0,2,0,0,3,2
count_occurrences.c,0,1,1,21,10,0,0,2,0,0,0,0,10,4,1,0,2,0,0,5,3
s198758340.c,0,1,1,13,6,0,0,1,0,0,0,0,6,2,0,0,2,100,100,3,2
s198758340.c,1,1,1,27,9,3,3,3,0,0,0,0,9,4,2,2,1,100,100,8,4
s891302844.c,0,1,1,47,24,0,0,4,0,0,0,0,24,6,4,1,2,0,0,10,5
s891302844.c,1,2,1,14,8,0,0,1,0,0,0,0,8,2,1,0,1,0,0,2,2
s891302844.c,2,2,1,14,8,0,0,1,0,0,0,0,8,2,1,0,1,0,0,2,2
s891302844.c,0,1,1,21,13,0,0,1,0,0,0,0,13,2,0,0,3,0,0,3,2
s891302844.c,1,1,1,34,16,0,0,2,0,0,0,0,16,6,1,2,1,0,0,6,3
s394232032.c,0,1,0,29,11,1,1,1,0,0,1,1,11,6,2,3,4,0,0,7,4
s394232032.c,1,2,1,24,9,1,1,1,0,0,1,1,9,6,1,2,3,0,0,5,3
s394232032.c,2,3,1,11,5,1,1,1,0,0,0,0,5,4,0,0,2,0,0,2,2
s918224186.c,0,1,1,9,4,1,1,1,0,0,0,0,4,3,0,0,2,0,0,2,2
s450300108.c,0,1,1,12,5,0,1,1,0,0,0,0,5,2,0,0,2,4,4,3,2
s450300108.c,1,1,1,144,38,7,17,17,0,0,0,0,38,33,13,4,1,4,4,21,15
s450300108.c,2,1,1,14,5,0,1,1,0,0,0,0,5,2,0,1,1,4,4,3,2
s508754821.c,0,1,1,92,38,2,7,7,0,0,0,0,38,17,6,0,12,10,10,17,8
s508754821.c,1,2,1,27,11,0,1,1,0,0,0,0,11,5,0,0,4,10,10,3,2
s508754821.c,2,2,1,22,9,0,1,1,0,0,0,0,9,4,0,0,3,10,10,3,2
reverse_array_inplace.c,0,1,1,38,20,0,0,1,0,0,0,0,20,7,0,0,4,0,0,3,2
s461079653.c,0,1,1,14,5,0,1,1,0,0,0,0,5,2,0,1,2,3,3,3,2
s461079653.c,1,1,1,33,11,0,3,3,0,0,0,0,11,4,2,0,3,3,3,8,4
s304343312.c,0,1,1,17,6,1,2,2,0,0,0,0,6,4,1,2,2,0,0,5,3
s228332277.c,0,1,1,24,11,2,2,3,0,0,0,0,11,7,2,0,2,0,0,6,4
s069499069.c,0,1,1,28,14,0,0,2,0,0,0,0,14,3,1,0,4,2000010,2000010,5,3
s069499069.c,1,1,1,29,13,0,0,3,0,0,0,0,13,4,2,0,2,2000010,2000010,6,4
s069499069.c,2,1,1,22,9,0,0,2,0,0,0,0,9,3,1,2,1,2000010,2000010,6,3
s260345045.c,0,1,1,13,6,0,0,1,0,0,0,0,6,2,0,0,2,0,0,3,2
s260345045.c,1,1,1,40,19,0,0,4,0,0,0,0,19,6,3,1,5,0,0,10,5
s260345045.c,2,2,1,26,12,0,0,3,0,0,0,0,12,4,2,0,2,0,0,6,4
s750950801.c,0,1,1,50,12,0,3,4,0,0,0,0,12,6,3,4,4,12,12,11,5
s549754149.c,0,1,1,13,6,0,0,1,0,0,0,0,6,2,0,0,2,0,0,3,2
s549754149.c,1,1,1,28,15,0,0,2,0,0,0,0,15,4,1,0,5,0,0,5,3
s549754149.c,2,1,1,29,13,0,0,3,0,0,0,0,13,4,2,0,2,0,0,6,4
s549754149.c,3,1,1,19,8,0,0,2,0,0,0,0,8,3,1,2,1,0,0,6,3
s549754149.c,4,1,1,11,5,0,0,1,0,0,0,0,5,2,0,1,1,0,0,3,2
s549754149.c,5,1,1,11,5,0,0,1,0,0,0,0,5,2,0,1,1,0,0,3,2
s186898519.c,0,1,1,13,6,0,0,1,0,0,0,0,6,2,0,0,2,0,0,3,2
s186898519.c,1,1,1,23,10,0,0,1,0,0,0,0,10,3,0,1,2,0,0,3,2
s186898519.c,2,1,1,22,9,0,1,1,0,0,0,0,9,3,0,1,2,0,0,3,2
s186898519.c,3,1,1,21,8,0,0,1,0,0,0,0,8,4,0,2,1,0,0,3,2
s149107464.c,0,1,1,13,6,0,0,1,0,0,0,0,6,2,0,0,2,1000,1000,3,2
s149107464.c,1,1,1,34,16,0,0,1,0,0,0,0,16,7,0,0,4,1000,1000,3,2
s149107464.c,2,1,1,14,6,0,0,1,0,0,0,0,6,2,0,1,1,1000,1000,3,2
s218391809.c,0,1,1,33,11,0,3,3,0,0,0,0,11,4,2,0,3,4,4,8,4
s438692976.c,0,1,1,25,9,0,2,2,0,0,0,0,9,3,1,0,3,100,100,6,3
s869843793.c,0,1,1,29,15,1,2,2,0,0,0,0,15,6,1,1,7,0,0,7,3
s869843793.c,1,2,1,11,5,1,1,1,0,0,0,0,5,3,0,0,2,0,0,3,2
s343781871.c,0,1,1,26,12,0,0,2,0,0,0,0,12,3,1,0,3,0,0,5,3
s343781871.c,1,1,1,20,9,0,0,2,0,0,0,0,9,4,1,0,2,0,0,5,3
s343781871.c,2,1,1,11,5,0,0,1,0,0,0,0,5,2,0,1,1,0,0,3,2
s343781871.c,3,1,1,29,13,0,0,3,0,0,0,0,13,4,2,0,2,0,0,6,4
s343781871.c,4,1,1,22,9,0,0,2,0,0,0,0,9,3,1,2,1,0,0,6,3
s882474775.c,0,1,1,12,8,1,1,1,0,0,0,0,8,2,0,0,3,0,0,2,2
s756160807.c,0,1,1,13,6,0,0,1,0,0,0,0,6,2,0,0,2,101,101,3,2
s756160807.c,1,1,1,36,18,0,0,1,0,0,0,0,18,7,0,0,5,101,101,3,2
s756160807.c,2,1,1,37,18,0,0,1,0,0,0,0,18,8,0,0,5,101,101,3,2
s756160807.c,3,1,1,15,6,0,0,1,0,0,0,0,6,3,0,1,1,101,101,3,2
s090102880.c,0,1,1,60,23,2,4,4,0,0,0,0,23,8,3,0,9,100,100,10,5
s414353019.c,0,1,1,46,21,0,0,4,0,0,0,0,21,5,3,0,4,2000010,2000010,8,5
s414353019.c,1,1,1,29,11,1,1,3,0,0,0,0,11,4,2,3,1,2000010,2000010,9,4
s289686592.c,0,1,1,21,10,0,0,1,0,0,0,0,10,2,0,0,3,0,0,3,2
s289686592.c,1,1,1,22,9,0,0,2,0,0,0,0,9,3,1,2,1,0,0,6,3
s376085401.c,0,1,2,23,11,0,1,3,0,0,0,0,11,7,2,0,3,0,0,5,3
s265092749.c,0,1,1,19,9,0,1,1,0,0,0,0,9,3,0,1,4,3,3,3,2
s064362215.c,0,1,1,13,6,1,2,2,0,0,0,0,6,4,1,0,2,0,0,3,3
s802692603.c,0,1,1,24,9,0,1,1,0,0,0,0,9,2,0,0,3,3,3,7,4
s099537494.c,0,1,1,12,8,1,1,1,0,0,0,0,8,2,0,0,3,0,0,2,2
s253131478.c,0,1,1,21,9,1,1,1,0,0,0,0,9,3,0,0,3,2,2,2,2
s256428937.c,0,1,2,18,7,3,3,3,0,0,0,0,7,6,2,0,1,0,0,5,3
s267712356.c,0,1,1,12,5,0,1,1,0,0,0,0,5,2,0,0,2,4,4,3,2
s838359600.c,0,1,1,15,8,0,0,1,0,0,0,0,8,2,0,0,3,100,100,3,2
s838359600.c,1,1,1,13,5,1,1,1,0,0,0,0,5,2,0,1,1,100,100,3,2
s908536343.c,0,1,1,39,17,2,3,3,0,0,0,0,17,8,2,0,6,15,15,7,4
s083933058.c,0,1,1,12,8,1,1,1,0,0,0,0,8,2,0,0,3,0,0,2,2
s220893896.c,0,1,1,14,9,1,1,1,0,0,0,0,9,3,0,0,3,0,0,2,2
s282203019.c,0,1,1,55,21,1,3,4,0,0,0,0,21,8,3,1,8,11,11,11,5
s225578447.c,0,1,1,17,5,0,2,2,0,0,0,0,5,3,1,3,2,0,0,6,3
s206915663.c,0,1,1,13,6,0,0,1,0,0,0,0,6,2,0,0,2,0,0,3,2
s206915663.c,1,1,1,13,5,1,1,1,0,0,0,0,5,2,0,1,1,0,0,3,2
s513574252.c,0,1,1,56,23,2,4,4,0,0,0,0,23,9,3,0,7,11,11,9,5
s818052785.c,0,1,2,19,12,2,2,2,0,0,0,0,12,4,1,0,4,0,0,3,2
s688671889.c,0,1,1,12,8,1,1,1,0,0,0,0,8,2,0,0,3,0,0,2,2
s871698855.c,0,1,1,12,8,1,1,1,0,0,0,0,8,2,0,0,3,0,0,2,2
s407840121.c,0,1,1,34,9,0,3,3,0,0,0,0,9,4,2,3,1,4,4,9,4
s083027456.c,0,1,1,33,9,0,1,2,0,0,0,0,9,4,1,3,3,11,11,6,3
s210080877.c,0,1,0,35,15,2,2,2,0,0,0,0,15,5,2,1,8,3,3,6,4
s210080877.c,1,2,1,18,7,2,2,2,0,0,0,0,7,4,1,0,3,3,3,4,3
s695490878.c,0,1,1,56,19,2,5,5,0,0,0,0,19,8,4,0,5,10000,10000,13,6
s067628193.c,0,1,1,12,8,1,1,1,0,0,0,0,8,2,0,0,3,0,0,2,2
s436222112.c,0,1,1,10,5,0,1,1,0,0,0,0,5,3,0,0,2,0,0,2,2
s484675995.c,0,1,1,12,8,1,1,1,0,0,0,0,8,2,0,0,3,0,0,2,2
s484675995.c,1,1,1,12,8,1,1,1,0,0,0,0,8,2,0,0,3,0,0,2,2
s101741885.c,0,1,1,13,6,0,0,1,0,0,0,0,6,2,0,0,2,100,100,3,2
s101741885.c,1,1,1,18,6,2,2,2,0,0,0,0,6,3,1,2,1,100,100,5,3
s463688387.c,0,1,1,34,11,0,3,3,0,0,0,0,11,6,2,0,3,2,2,7,4
s796471992.c,0,1,1,10,5,0,1,1,0,0,0,0,5,3,0,0,2,0,0,2,2
s167898109.c,0,1,1,26,7,0,3,3,0,0,0,0,7,4,2,3,2,0,0,9,4
s998851872.c,0,1,1,63,22,0,4,5,0,0,0,0,22,10,4,1,7,10,10,13,6
s712819818.c,0,1,1,13,3,0,1,1,0,0,0,0,3,2,0,4,0,0,0,2,2
s789673436.c,0,1,1,38,19,2,2,4,0,0,0,0,19,8,3,0,5,100,100,8,5
s867426365.c,0,1,1,10,5,1,1,1,0,0,0,0,5,3,0,0,2,0,0,2,2
s690344916.c,0,1,3,22,11,1,1,3,0,0,0,0,11,4,2,0,3,0,0,5,2
s690344916.c,1,1,1,14,6,1,1,1,0,0,0,0,6,2,0,1,1,0,0,3,2
s980649088.c,0,1,1,12,8,1,1,1,0,0,0,0,8,2,0,0,3,0,0,2,2
s241561509.c,0,1,1,13,8,1,1,1,0,0,0,0,8,2,0,0,3,0,0,3,2
s880270400.c,0,1,1,40,16,1,2,3,0,0,0,0,16,6,2,1,5,10,10,8,4
s110532475.c,0,1,2,26,9,1,3,3,0,0,0,0,9,4,2,2,2,11,11,7,3
s110532475.c,1,1,1,7,1,1,1,1,0,0,0,0,1,1,0,2,0,0,0,2,2
s110532475.c,2,1,1,8,1,1,1,1,0,0,0,0,1,1,0,2,0,0,0,2,2
s037193923.c,0,1,1,12,8,1,1,1,0,0,0,0,8,2,0,0,3,0,0,2,2
s037193923.c,1,1,1,12,8,1,1,1,0,0,0,0,8,2,0,0,3,0,0,2,2
s622409454.c,0,1,1,26,10,2,3,3,0,0,0,0,10,3,2,2,2,0,0,7,4
s622409454.c,1,1,1,8,1,1,1,1,0,0,0,0,1,1,0,2,0,0,0,2,2
s758731283.c,0,1,1,12,8,1,1,1,0,0,0,0,8,2,0,0,3,0,0,2,2
s758731283.c,1,1,1,12,8,1,1,1,0,0,0,0,8,2,0,0,3,0,0,2,2
s833996155.c,0,1,1,17,8,0,0,1,0,0,0,0,8,2,0,0,3,200000,200000,3,2
s833996155.c,1,1,1,121,50,1,3,10,0,0,0,0,50,17,9,0,11,200000,200000,24,11
s833996155.c,2,2,1,27,12,0,0,3,0,0,0,0,12,4,2,0,2,200000,200000,7,4
s833996155.c,3,1,1,14,6,0,0,1,0,0,0,0,6,2,0,1,1,200000,200000,3,2
s148789994.c,0,1,1,13,6,0,0,1,0,0,0,0,6,2,0,0,2,0,0,3,2
s148789994.c,1,1,1,13,5,1,1,1,0,0,0,0,5,2,0,1,1,0,0,3,2
s668338482.c,0,1,1,13,6,0,0,1,0,0,0,0,6,2,0,0,2,100,100,3,2
s668338482.c,1,1,1,28,11,0,0,2,0,0,0,0,11,6,1,3,2,100,100,6,3
s807571695.c,0,1,1,12,8,1,1,1,0,0,0,0,8,2,0,0,3,0,0,2,2
s895111179.c,0,1,3,55,23,3,5,5,0,0,1,1,23,10,5,7,9,0,0,12,5
s895111179.c,1,2,1,10,5,1,1,1,0,0,0,0,5,3,0,0,2,0,0,2,2
s922668506.c,0,1,1,13,6,0,0,1,0,0,0,0,6,2,0,0,2,0,0,3,2
s922668506.c,1,1,1,28,14,0,0,2,0,0,0,0,14,3,1,0,4,0,0,5,3
s922668506.c,2,1,1,22,10,0,0,2,0,0,0,0,10,3,1,0,2,0,0,5,3
s922668506.c,3,1,1,19,8,0,0,2,0,0,0,0,8,3,1,2,1,0,0,6,3
s493468782.c,0,1,1,14,9,1,1,1,0,0,0,0,9,3,0,0,3,0,0,2,2
s875786740.c,0,1,1,62,31,1,2,4,0,0,0,0,31,9,3,0,8,0,0,13,5
s875786740.c,1,2,2,26,13,1,1,2,0,0,0,0,13,4,1,0,3,0,0,5,2
s875786740.c,0,1,1,21,10,0,0,1,0,0,0,0,10,2,0,0,3,0,0,3,2
s875786740.c,1,1,1,51,22,0,0,5,0,0,0,0,22,8,4,1,5,0,0,14,6
s875786740.c,2,2,2,35,15,0,0,4,0,0,0,0,15,6,3,0,2,0,0,8,4
s240236879.c,0,1,1,61,23,1,4,5,0,0,0,0,23,10,4,0,7,50,50,13,6
s240236879.c,1,1,1,28,12,0,1,2,0,0,0,0,12,4,1,0,3,50,50,5,3
power_calc.c,0,1,1,13,7,0,0,1,0,0,0,0,7,3,0,0,2,0,0,3,2
s203996582.c,0,1,1,10,5,1,1,1,0,0,0,0,5,3,0,0,2,0,0,2,2
s203996582.c,1,1,1,10,5,1,1,1,0,0,0,0,5,3,0,0,2,0,0,2,2
s969246910.c,0,1,1,12,6,0,0,1,0,0,0,0,6,2,0,0,2,100,100,2,2
s969246910.c,1,1,1,18,6,2,2,2,0,0,0,0,6,3,1,2,1,100,100,5,3
s345005321.c,0,1,1,13,6,0,0,1,0,0,0,0,6,2,0,0,2,100,100,3,2
s345005321.c,1,1,1,17,6,2,2,2,0,0,0,0,6,3,0,1,1,100,100,3,2
s130102023.c,0,1,1,20,10,0,1,1,0,0,0,0,10,3,0,0,5,200,200,3,2
s130102023.c,1,1,1,16,6,0,0,1,0,0,0,0,6,2,0,2,1,200,200,3,2
s309804467.c,0,1,1,13,6,0,0,1,0,0,0,0,6,2,0,0,2,0,0,3,2
s309804467.c,1,1,1,22,10,0,0,2,0,0,0,0,10,3,1,0,2,0,0,5,3
s309804467.c,2,1,1,69,32,0,0,6,0,0,0,0,32,10,5,0,8,0,0,17,7
s309804467.c,3,2,1,22,10,0,0,2,0,0,0,0,10,3,1,0,2,0,0,5,3
s309804467.c,4,2,1,22,10,0,0,2,0,0,0,0,10,3,1,0,2,0,0,5,3
s309804467.c,5,1,1,11,5,0,0,1,0,0,0,0,5,2,0,1,1,0,0,3,2
s309804467.c,6,1,1,11,5,0,0,1,0,0,0,0,5,2,0,1,1,0,0,3,2
s846792240.c,0,1,1,13,6,0,0,1,0,0,0,0,6,2,0,0,2,0,0,3,2
s846792240.c,1,1,1,41,19,0,0,4,0,0,0,0,19,6,3,1,5,0,0,11,5
s846792240.c,2,2,1,27,12,0,0,3,0,0,0,0,12,4,2,0,2,0,0,7,4
s868443591.c,0,1,1,12,8,0,0,1,0,0,0,0,8,2,0,0,3,0,0,2,2
s831069535.c,0,1,1,28,8,1,2,2,0,0,0,0,8,3,1,2,1,11,11,6,3
is_power_of_two.c,0,1,2,11,4,1,2,2,0,0,0,0,4,4,1,0,1,0,0,3,2
s104439607.c,0,1,1,13,6,0,0,1,0,0,0,0,6,2,0,0,2,10000,10000,3,2
s104439607.c,1,1,1,23,8,2,2,2,0,0,0,0,8,3,1,2,1,10000,10000,6,3
s962309406.c,0,1,1,48,22,0,2,5,0,0,0,0,22,6,4,0,5,0,0,10,6
s962309406.c,1,1,1,25,10,0,0,2,0,0,0,0,10,3,1,1,1,0,0,6,3
s064567403.c,0,1,1,13,6,0,0,1,0,0,0,0,6,2,0,0,2,0,0,3,2
s064567403.c,1,1,1,40,19,0,0,4,0,0,0,0,19,6,3,1,5,0,0,10,5
s064567403.c,2,2,1,26,12,0,0,3,0,0,0,0,12,4,2,0,2,0,0,6,4
s151546282.c,0,1,1,15,8,0,0,1,0,0,0,0,8,2,0,0,3,0,0,3,2
s151546282.c,1,1,1,15,5,1,1,1,0,0,0,0,5,4,0,1,1,0,0,3,2
s955450779.c,0,1,1,13,6,0,0,1,0,0,0,0,6,2,0,0,2,100,100,3,2
s955450779.c,1,1,1,13,5,0,1,1,0,0,0,0,5,2,0,1,1,100,100,3,2
s544120832.c,0,1,1,58,22,0,0,2,0,0,0,0,22,11,1,0,3,500,500,5,3
s152670611.c,0,1,1,12,8,0,1,1,0,0,0,0,8,2,0,0,3,0,0,2,2
s416627584.c,0,1,1,13,6,0,0,1,0,0,0,0,6,2,0,0,2,100,100,3,2
s416627584.c,1,1,1,13,5,1,1,1,0,0,0,0,5,2,0,1,1,100,100,3,2
s899128421.c,0,1,1,39,16,2,2,3,0,0,0,0,16,6,2,3,6,100,100,10,4
s899128421.c,1,2,1,13,6,0,0,1,0,0,0,0,6,2,0,0,2,100,100,3,2
s899128421.c,2,2,1,14,5,1,1,1,0,0,0,0,5,2,0,2,1,100,100,3,2
s915170205.c,0,1,1,40,18,0,0,3,0,0,0,0,18,4,2,0,4,200001,200001,8,4
s915170205.c,1,1,1,22,9,0,0,2,0,0,0,0,9,3,1,2,1,200001,200001,6,3
s316717995.c,0,1,1,60,23,1,4,5,0,0,0,0,23,9,4,0,7,15,15,13,6
s898424284.c,0,1,1,33,11,0,3,3,0,0,0,0,11,4,2,0,3,100,100,8,4
s810296775.c,0,1,1,13,6,0,0,1,0,0,0,0,6,2,0,0,2,0,0,3,2
s810296775.c,1,1,1,13,5,0,0,1,0,0,0,0,5,2,0,1,1,0,0,3,2
s586766771.c,0,1,1,12,8,1,1,1,0,0,0,0,8,2,0,0,3,0,0,2,2
s256764514.c,0,1,1,25,12,1,1,2,0,0,0,0,12,6,1,0,3,1000000000,1000000000,5,3
s256764514.c,1,1,1,25,12,1,1,2,0,0,0,0,12,6,1,0,3,1000000000,1000000000,5,3
s256764514.c,2,1,1,44,18,2,2,5,0,0,0,0,18,7,5,0,4,1000000000,1000000000,11,6
s256764514.c,3,2,1,29,12,1,1,3,0,0,0,0,12,4,2,0,2,1000000000,1000000000,6,4
merge_two_arrays.c,0,1,1,31,17,0,0,1,0,0,0,0,17,3,0,0,3,0,0,3,2
s259174141.c,0,1,1,29,14,0,0,3,0,0,0,0,14,4,2,0,2,0,0,7,4
s259174141.c,0,1,1,14,7,0,0,1,0,0,0,0,7,2,0,0,2,0,0,3,2
s259174141.c,1,1,1,14,7,0,0,1,0,0,0,0,7,2,0,2,1,0,0,3,2
s822914555.c,0,1,1,13,6,0,0,1,0,0,0,0,6,2,0,0,2,1000,1000,3,2
s822914555.c,1,1,1,21,7,2,2,2,0,0,0,0,7,3,1,2,1,1000,1000,6,3
s772478168.c,0,1,1,32,16,2,2,4,0,0,0,0,16,7,3,0,4,0,0,9,5
s830437550.c,0,1,1,14,6,0,0,1,0,0,0,0,6,3,0,0,2,0,0,3,2
s830437550.c,1,1,1,16,7,0,0,1,0,0,0,0,7,3,0,1,1,0,0,3,2
s232495402.c,0,1,2,20,8,2,3,3,0,0,0,0,8,7,2,0,1,0,0,5,3
s184698305.c,0,1,1,16,8,1,1,1,0,0,0,0,8,4,0,0,3,3,3,2,2
s184698305.c,1,1,1,31,11,0,3,3,0,0,0,0,11,4,2,0,3,3,3,8,4
s184698305.c,2,1,1,13,5,0,1,1,0,0,0,0,5,2,0,1,1,3,3,3,2
s888286099.c,0,1,1,13,6,0,0,1,0,0,0,0,6,2,0,0,2,100,100,3,2
s888286099.c,1,1,1,18,6,2,2,2,0,0,0,0,6,3,1,2,1,100,100,5,3
s925085630.c,0,1,1,31,11,0,3,3,0,0,0,0,11,4,2,0,3,3,3,8,4
s778510600.c,0,1,1,14,8,0,1,1,0,0,0,0,8,4,0,0,2,0,0,2,2
s202752383.c,0,1,1,13,6,0,0,1,0,0,0,0,6,2,0,0,2,100,100,3,2
s202752383.c,1,1,1,13,5,1,1,1,0,0,0,0,5,2,0,1,1,100,100,3,2
s789965978.c,0,1,1,13,6,0,0,1,0,0,0,0,6,2,0,0,2,100,100,3,2
s789965978.c,1,1,1,22,8,1,1,2,0,0,0,0,8,5,1,2,1,100,100,5,3
s609549132.c,0,1,1,33,11,0,3,3,0,0,0,0,11,4,2,0,3,4,4,8,4
s447615603.c,0,1,1,16,7,0,0,1,0,0,0,0,7,4,0,0,2,0,0,3,2
s447615603.c,1,1,2,19,8,0,0,2,0,0,0,0,8,4,1,1,1,0,0,4,2
s820146938.c,0,1,1,10,5,1,1,1,0,0,0,0,5,3,0,0,1,0,0,2,2
many_loops.c,0,1,1,19,9,0,1,1,0,0,0,0,9,3,0,0,2,0,0,3,2
many_loops.c,1,1,1,19,9,0,1,1,0,0,0,0,9,3,0,0,2,0,0,3,2
many_loops.c,2,1,1,24,10,1,2,2,0,0,0,0,10,5,1,0,2,0,0,5,3
many_loops.c,3,1,1,36,17,0,2,2,0,0,0,0,17,6,1,0,4,0,0,7,3
many_loops.c,4,2,1,26,13,0,1,1,0,0,0,0,13,4,0,0,2,0,0,3,2
many_loops.c,5,1,1,42,19,0,3,3,0,0,0,0,19,8,2,0,6,0,0,11,4
many_loops.c,6,2,1,32,15,0,2,2,0,0,0,0,15,6,1,0,4,0,0,7,3
many_loops.c,7,3,1,22,11,0,1,1,0,0,0,0,11,4,0,0,2,0,0,3,2
many_loops.c,8,1,1,13,7,0,1,1,0,0,0,0,7,2,0,0,2,0,0,2,2
many_loops.c,9,1,1,38,18,1,2,2,0,0,0,0,18,6,1,0,4,0,0,6,3
many_loops.c,10,1,1,31,14,0,2,3,0,0,0,0,14,6,2,0,4,0,0,9,4
many_loops.c,11,2,1,21,10,0,1,2,0,0,0,0,10,4,1,0,2,0,0,5,3
s667191937.c,0,1,1,12,8,1,1,1,0,0,0,0,8,2,0,0,3,0,0,2,2
s569783128.c,0,1,1,13,6,0,0,1,0,0,0,0,6,2,0,0,2,20000,20000,3,2
s569783128.c,1,1,1,41,19,0,0,4,0,0,0,0,19,6,3,1,5,20000,20000,11,5
s569783128.c,2,2,1,27,12,0,0,3,0,0,0,0,12,4,2,0,2,20000,20000,7,4
s002794751.c,0,1,1,13,6,0,0,1,0,0,0,0,6,2,0,0,2,100,100,3,2
s002794751.c,1,1,1,24,9,0,0,2,0,0,0,0,9,6,1,2,1,100,100,5,3
s362194511.c,0,1,1,12,8,1,1,1,0,0,0,0,8,2,0,0,3,0,0,2,2
s422738723.c,0,1,1,28,14,0,0,2,0,0,0,0,14,3,1,0,4,0,0,5,3
s422738723.c,1,1,1,23,9,0,0,2,0,0,0,0,9,4,1,2,1,0,0,6,3
s078234460.c,0,1,1,41,13,1,4,4,0,0,0,0,13,6,3,1,4,15,15,9,5
s412321335.c,0,1,1,12,8,1,1,1,0,0,0,0,8,2,0,0,3,0,0,2,2
s750925547.c,0,1,1,14,7,0,0,1,0,0,0,0,7,2,0,0,2,0,0,3,2
s750925547.c,1,1,1,44,21,0,0,4,0,0,0,0,21,6,3,1,5,0,0,12,5
s750925547.c,2,2,1,30,14,0,0,3,0,0,0,0,14,4,2,0,2,0,0,8,4
s733920794.c,0,1,1,28,14,0,0,2,0,0,0,0,14,3,1,0,4,2000010,2000010,5,3
s733920794.c,1,1,1,29,13,0,0,3,0,0,0,0,13,4,2,0,2,2000010,2000010,6,4
s733920794.c,2,1,1,22,9,0,0,2,0,0,0,0,9,3,1,2,1,2000010,2000010,6,3
s661173877.c,0,1,2,21,7,1,2,2,0,0,0,0,7,4,1,1,3,10,10,5,2
s661173877.c,1,1,1,51,15,1,3,4,0,0,0,0,15,6,3,2,5,10,10,12,5
find_max_in_array.c,0,1,1,24,12,0,0,2,0,0,0,0,12,3,1,0,2,0,0,5,3
s114463552.c,0,1,1,13,6,0,0,1,0,0,0,0,6,2,0,0,2,1000000,1000000,3,2
s114463552.c,1,1,1,40,20,0,0,3,0,0,0,0,20,4,2,0,5,1000000,1000000,8,4
s114463552.c,2,1,1,19,8,0,0,2,0,0,0,0,8,3,1,2,1,0,0,6,3
s985730937.c,0,1,1,46,17,2,4,4,0,0,0,0,17,7,3,0,4,10,10,9,5
s003763281.c,0,1,1,14,6,0,0,1,0,0,0,0,6,3,0,0,2,11,11,3,2
s003763281.c,1,1,1,40,17,1,2,3,0,0,0,0,17,6,2,0,5,11,11,8,4
s911999702.c,0,1,2,28,12,2,3,4,0,0,0,0,12,7,3,0,2,0,0,8,4
s064383042.c,0,1,1,13,6,0,0,1,0,0,0,0,6,2,0,0,2,0,0,3,2
s064383042.c,1,1,1,41,19,0,0,4,0,0,0,0,19,6,3,1,5,0,0,11,5
s064383042.c,2,2,1,27,12,0,0,3,0,0,0,0,12,4,2,0,2,0,0,7,4
s770708499.c,0,1,1,31,15,1,3,3,0,0,0,0,15,6,2,1,7,0,0,8,4
s770708499.c,1,2,1,11,5,1,1,1,0,0,0,0,5,3,0,0,2,0,0,3,2
s961414088.c,0,1,1,13,6,0,0,1,0,0,0,0,6,2,0,0,2,200000,200000,3,2
s961414088.c,1,1,1,45,21,0,0,4,0,0,0,0,21,5,3,0,4,200000,200000,9,5
s961414088.c,2,1,1,28,13,0,0,2,0,0,0,0,13,3,1,0,3,200000,200000,6,3
s961414088.c,3,1,1,14,6,0,0,1,0,0,0,0,6,2,0,1,1,200000,200000,3,2
s681048195.c,0,1,1,60,23,1,4,5,0,0,0,0,23,9,4,0,7,11,11,13,6
s621986098.c,0,1,1,12,8,1,1,1,0,0,0,0,8,2,0,0,3,0,0,2,2
s058978004.c,0,1,1,13,6,0,0,1,0,0,0,0,6,2,0,0,2,200000,200000,3,2
s058978004.c,1,1,1,48,21,0,0,4,0,0,0,0,21,6,3,0,5,200000,200000,11,5
s058978004.c,2,2,1,33,14,0,0,3,0,0,0,0,14,4,2,0,2,200000,200000,7,4
s058978004.c,3,1,1,14,6,0,0,1,0,0,0,0,6,2,0,1,1,200000,200000,3,2
s167159081.c,0,1,1,13,6,0,0,1,0,0,0,0,6,2,0,0,2,0,0,3,2
s167159081.c,1,1,1,22,10,0,0,2,0,0,0,0,10,3,1,0,2,0,0,5,3
s167159081.c,2,1,1,56,25,1,1,6,0,0,0,0,25,9,5,2,5,0,0,14,7
s167159081.c,3,2,1,27,12,0,0,3,0,0,0,0,12,4,2,0,2,0,0,7,4
s006462992.c,0,1,1,14,7,0,0,1,0,0,0,0,7,2,0,0,3,0,0,3,2
s006462992.c,1,1,1,18,6,2,2,2,0,0,0,0,6,4,1,2,1,0,0,4,3
s176705093.c,0,1,1,12,8,1,1,1,0,0,0,0,8,2,0,0,3,0,0,2,2
s119523124.c,0,1,1,28,15,1,2,2,0,0,0,0,15,6,1,1,7,0,0,6,3
s119523124.c,1,2,1,10,5,1,1,1,0,0,0,0,5,3,0,0,2,0,0,2,2
s774813613.c,0,1,1,23,10,2,2,3,0,0,0,0,10,5,2,0,2,0,0,7,4
s725439293.c,0,1,1,17,8,0,0,1,0,0,0,0,8,2,0,0,3,2000000,2000000,3,2
s725439293.c,1,1,1,37,15,1,1,2,0,0,0,0,15,6,1,0,4,2000000,2000000,6,3
s725439293.c,2,1,1,64,32,0,1,5,0,0,0,0,32,6,5,0,12,2000000,2000000,14,6
s725439293.c,3,2,1,38,19,0,1,3,0,0,0,0,19,4,2,0,5,2000000,2000000,7,4
s930630894.c,0,1,2,20,6,2,2,2,0,1,0,0,6,6,1,1,1,0,0,4,2
s930630894.c,0,1,1,18,8,1,1,2,0,0,0,0,8,4,1,1,3,0,0,5,3
s327086407.c,0,1,1,35,16,0,1,1,0,2,0,0,16,4,2,1,4,5,5,8,4
s729588914.c,0,1,1,13,6,0,0,1,0,0,0,0,6,2,0,0,2,0,0,3,2
s729588914.c,1,1,1,13,5,1,1,1,0,0,0,0,5,2,0,1,1,0,0,3,2
s256910564.c,0,1,1,13,6,0,0,1,0,0,0,0,6,2,0,0,2,0,0,3,2
s256910564.c,1,1,1,21,8,0,1,2,0,0,0,0,8,4,1,2,1,0,0,5,3
s020864429.c,0,1,1,14,7,0,0,1,0,0,0,0,7,3,0,0,2,0,0,3,2
s974456953.c,0,1,1,36,12,1,3,3,0,0,0,0,12,4,2,0,3,4,4,7,4
s808547642.c,0,1,1,37,20,0,0,3,0,0,0,0,20,4,2,0,5,100,100,8,4
s808547642.c,1,1,1,22,12,0,0,2,0,0,0,0,12,3,1,1,3,100,100,5,3
bubble_sort.c,0,1,1,62,30,0,0,3,0,0,0,0,30,11,2,0,6,0,0,9,4
bubble_sort.c,1,2,1,50,25,0,0,2,0,0,0,0,25,8,1,0,4,0,0,5,3
s191216141.c,0,1,1,54,24,0,0,3,0,0,0,0,24,9,2,0,6,0,0,9,4
s191216141.c,1,2,1,41,18,0,0,2,0,0,0,0,18,6,1,0,4,0,0,5,3
s191216141.c,0,1,1,17,8,0,0,1,0,0,0,0,8,2,0,0,2,0,0,3,2
s191216141.c,0,1,1,13,6,0,0,1,0,0,0,0,6,2,0,0,2,0,0,3,2
s406398381.c,0,1,1,11,5,1,1,1,0,0,0,0,5,3,0,0,2,0,0,3,2
s232911477.c,0,1,1,14,9,1,1,1,0,0,0,0,9,3,0,0,3,0,0,2,2
s079412757.c,0,1,1,40,17,1,2,3,0,0,0,0,17,6,2,0,5,11,11,8,4
s079412757.c,1,1,1,15,6,0,0,1,0,0,0,0,6,2,0,1,1,11,11,3,2
s039202711.c,0,1,1,38,18,1,2,3,0,0,0,0,18,6,2,0,6,0,0,7,4
s787123396.c,0,1,1,13,6,0,0,1,0,0,0,0,6,2,0,0,2,1000,1000,3,2
s787123396.c,1,1,1,23,8,2,2,2,0,0,0,0,8,3,1,2,1,1000,1000,6,3
s029341056.c,0,1,1,13,6,0,0,1,0,0,0,0,6,2,0,0,2,100,100,3,2
s029341056.c,1,1,1,13,5,1,1,1,0,0,0,0,5,2,0,1,1,100,100,3,2
s154200432.c,0,1,1,12,5,0,1,1,0,0,0,0,5,2,0,0,2,3,3,3,2
s154200432.c,1,1,1,33,11,0,3,3,0,0,0,0,11,4,2,0,3,3,3,8,4
s154200432.c,2,1,1,14,5,0,1,1,0,0,0,0,5,2,0,1,1,3,3,3,2
s355844113.c,0,1,1,13,6,0,0,1,0,0,0,0,6,2,0,0,2,200000,200000,3,2
s355844113.c,1,1,1,40,20,0,0,3,0,0,0,0,20,4,2,0,5,200000,200000,8,4
s355844113.c,2,1,1,19,8,0,0,2,0,0,0,0,8,3,1,2,1,0,0,6,3
s723987517.c,0,1,1,13,6,0,0,1,0,0,0,0,6,4,0,0,1,0,0,3,2
s727684661.c,0,1,1,21,10,0,0,1,0,0,0,0,10,2,0,0,3,20000,20000,3,2
s727684661.c,1,1,1,25,9,0,0,2,0,0,0,0,9,3,1,2,1,20000,20000,6,3
s588605203.c,0,1,1,38,18,0,0,3,0,0,0,0,18,4,2,0,4,0,0,8,4
s588605203.c,1,1,1,22,9,0,0,2,0,0,0,0,9,3,1,2,1,0,0,6,3
s897901054.c,0,1,1,11,5,1,1,1,0,0,0,0,5,3,0,0,2,0,0,3,2
s897901054.c,0,1,1,14,7,0,1,1,0,0,0,0,7,3,0,2,3,0,0,2,2
s057858324.c,0,1,1,25,9,0,2,2,0,0,0,0,9,3,1,0,3,3,3,6,3
s757663846.c,0,1,1,12,8,0,1,1,0,0,0,0,8,2,0,0,3,0,0,2,2
s359012951.c,0,1,1,33,9,0,1,2,0,0,0,0,9,4,1,3,3,11,11,6,3
s262831509.c,0,1,1,13,6,0,0,1,0,0,0,0,6,2,0,0,2,1000000,1000000,3,2
s262831509.c,1,1,1,40,20,0,0,3,0,0,0,0,20,4,2,0,5,1000000,1000000,8,4
s262831509.c,2,1,1,19,8,0,0,2,0,0,0,0,8,3,1,2,1,0,0,6,3
s255516575.c,0,1,1,42,16,1,2,3,0,0,0,0,16,6,2,1,5,10,10,8,4
s146044711.c,0,1,1,25,12,0,0,3,0,0,0,0,12,6,2,0,2,0,0,7,4
s610603769.c,0,1,1,39,14,1,3,3,0,0,0,0,14,5,2,0,4,10,10,7,4
s270404500.c,0,1,1,31,11,1,3,3,0,0,0,0,11,5,2,1,5,0,0,7,4
s782733603.c,0,1,1,12,8,1,1,1,0,0,0,0,8,2,0,0,3,0,0,2,2
s772397647.c,0,1,1,25,12,1,1,2,0,0,0,0,12,6,1,0,3,1000,1000,5,3
s772397647.c,1,1,2,24,10,1,1,3,0,0,0,0,10,5,2,0,1,1000,1000,5,3
s895388642.c,0,1,1,12,8,1,1,1,0,0,0,0,8,2,0,0,3,0,0,2,2
s112615068.c,0,1,1,51,19,2,4,4,0,0,0,0,19,9,3,0,6,15,15,10,5
s112615068.c,1,1,1,30,10,0,2,3,0,0,0,0,10,4,2,1,1,15,15,6,4
s217188754.c,0,1,1,12,8,1,1,1,0,0,0,0,8,2,0,0,3,0,0,2,2
s484027607.c,0,1,1,13,6,0,0,1,0,0,0,0,6,2,0,0,2,200000,200000,3,2
s484027607.c,1,1,1,52,26,0,0,3,0,0,0,0,26,5,2,1,8,200000,200000,9,4
s484027607.c,2,2,1,22,10,0,0,2,0,0,0,0,10,3,1,0,2,200000,200000,5,3
s043695618.c,0,1,1,28,14,0,0,2,0,0,0,0,14,3,1,0,4,200000,200000,5,3
s043695618.c,1,1,1,53,23,0,0,5,0,0,0,0,23,7,4,2,4,200000,200000,13,6
s043695618.c,2,2,1,29,13,0,0,3,0,0,0,0,13,4,2,0,2,200000,200000,6,4
s248703252.c,0,1,1,14,7,0,0,1,0,0,0,0,7,2,0,0,2,0,0,3,2
s248703252.c,1,1,1,14,6,1,1,1,0,0,0,0,6,2,0,1,1,0,0,3,2
s730520594.c,0,1,1,18,10,0,0,1,0,0,0,0,10,3,0,0,4,100,100,3,2
s730520594.c,1,1,1,21,8,0,0,2,0,0,0,0,8,4,1,2,1,100,100,5,3
s650718525.c,0,1,1,25,9,0,2,2,0,0,0,0,9,3,1,0,3,3,3,6,3
s219106801.c,0,1,1,58,20,1,4,5,0,0,0,0,20,9,4,1,6,11,11,13,6
s568442884.c,0,1,1,13,6,0,0,1,0,0,0,0,6,2,0,0,2,100,100,3,2
s568442884.c,1,1,1,23,8,2,2,2,0,0,0,0,8,3,1,2,1,100,100,6,3
s258161272.c,0,1,1,41,16,0,0,1,0,0,0,0,16,6,0,0,4,199,199,3,2
s258161272.c,1,1,1,18,6,0,0,1,0,0,0,0,6,3,0,1,1,199,199,3,2
s877791885.c,0,1,1,25,9,0,2,2,0,0,0,0,9,3,1,0,3,3,3,6,3
s166428366.c,0,1,1,40,17,1,2,3,0,0,0,0,17,6,2,0,5,100,100,8,4
s166428366.c,1,1,1,15,6,0,0,1,0,0,0,0,6,2,0,1,1,100,100,3,2
s600586612.c,0,1,1,12,8,1,1,1,0,0,0,0,8,2,0,0,3,0,0,2,2
s311345329.c,0,1,0,28,16,1,1,1,0,0,0,0,16,5,1,0,8,100,100,5,3
s311345329.c,1,2,1,11,5,1,1,1,0,0,0,0,5,3,0,0,2,0,0,3,2
s684373897.c,0,1,1,59,22,1,5,5,0,0,0,0,22,9,4,0,7,11,11,13,6
s926975726.c,0,1,1,12,8,1,1,1,0,0,0,0,8,2,0,0,3,0,0,2,2
s623385297.c,0,1,1,21,10,0,0,1,0,0,0,0,10,2,0,0,3,200000,200000,3,2
s623385297.c,1,1,1,55,24,0,0,3,0,0,0,0,24,10,2,0,6,200000,200000,9,4
s623385297.c,2,2,1,42,18,0,0,2,0,0,0,0,18,7,1,0,4,200000,200000,5,3
s623385297.c,3,1,1,25,9,0,0,2,0,0,0,0,9,3,1,2,1,200000,200000,6,3
s815349709.c,0,1,1,14,6,0,0,1,0,0,0,0,6,3,0,0,2,0,0,3,2
s815349709.c,1,1,1,35,17,0,0,1,0,0,0,0,17,5,0,0,4,0,0,3,2
s815349709.c,2,1,1,20,7,1,1,2,0,0,0,0,7,4,1,2,1,0,0,5,3
s103975192.c,0,1,1,13,6,0,0,1,0,0,0,0,6,2,0,0,2,0,0,3,2
s103975192.c,1,1,1,18,8,0,0,1,0,0,0,0,8,4,0,1,2,0,0,3,2
s350944798.c,0,1,0,21,12,1,1,1,0,0,0,0,12,4,1,1,6,0,0,4,3
s350944798.c,1,2,1,10,5,1,1,1,0,0,0,0,5,3,0,0,2,0,0,2,2
s565150472.c,0,1,1,21,10,0,0,1,0,0,0,0,10,2,0,0,3,0,0,3,2
s565150472.c,1,1,1,34,12,0,0,2,0,0,0,0,12,6,1,2,1,0,0,6,3
s924644677.c,0,1,1,33,11,0,3,3,0,0,0,0,11,4,2,0,3,3,3,8,4
s253307280.c,0,1,1,14,9,1,1,1,0,0,0,0,9,3,0,0,3,0,0,2,2
s262311300.c,0,1,1,13,6,0,0,1,0,0,0,0,6,2,0,0,2,100,100,3,2
s262311300.c,1,1,1,13,5,1,1,1,0,0,0,0,5,2,0,1,1,100,100,3,2
s027324726.c,0,1,1,33,9,0,1,2,0,0,0,0,9,4,1,3,3,11,11,6,3
s063755904.c,0,1,1,14,6,0,0,1,0,0,0,0,6,3,0,0,2,0,0,3,2
s063755904.c,1,1,1,16,7,0,0,1,0,0,0,0,7,3,0,1,1,0,0,3,2
s043100010.c,0,1,1,17,8,0,0,1,0,0,0,0,8,2,0,0,3,200000,200000,3,2
s043100010.c,1,1,1,37,15,1,1,2,0,0,0,0,15,6,1,0,4,200000,200000,6,3
s043100010.c,2,1,1,62,30,0,1,5,0,0,0,0,30,6,5,0,10,200000,200000,14,6
s043100010.c,3,2,1,38,19,0,1,3,0,0,0,0,19,4,2,0,5,200000,200000,7,4
sum_of_n.c,0,1,1,13,7,0,0,1,0,0,0,0,7,3,0,0,2,0,0,3,2
s213753561.c,0,1,1,12,8,1,1,1,0,0,0,0,8,2,0,0,3,0,0,2,2
s583188127.c,0,1,1,9,4,0,2,2,0,0,0,0,4,2,1,0,2,0,0,3,3
s583188127.c,1,1,2,18,7,3,3,3,0,0,0,0,7,6,2,0,1,0,0,5,3
s583188127.c,2,1,2,18,7,3,3,3,0,0,0,0,7,6,2,0,1,0,0,5,3
s798223832.c,0,1,1,59,22,1,5,5,0,0,0,0,22,9,4,0,7,11,11,13,6
s525013766.c,0,1,1,13,6,0,0,1,0,0,0,0,6,2,0,0,2,100,100,3,2
s525013766.c,1,1,1,25,9,2,2,2,0,0,0,0,9,4,1,2,2,100,100,6,3
s068017403.c,0,1,1,38,16,0,2,2,0,0,0,0,16,6,1,0,5,3,3,6,3
s494040811.c,0,1,1,12,8,1,1,1,0,0,0,0,8,2,0,0,3,0,0,2,2
s418873600.c,0,1,1,29,15,0,2,2,0,0,0,0,15,6,1,1,7,0,0,7,3
s418873600.c,1,2,1,11,5,0,1,1,0,0,0,0,5,3,0,0,2,0,0,3,2
s186779422.c,0,1,1,13,6,0,0,1,0,0,0,0,6,2,0,0,2,200000,200000,3,2
s186779422.c,1,1,1,22,10,0,0,2,0,0,0,0,10,3,1,0,2,200000,200000,5,3
s186779422.c,2,1,1,30,13,0,0,3,0,0,0,0,13,4,2,0,2,200000,200000,7,4
s186779422.c,3,1,1,22,9,0,0,2,0,0,0,0,9,3,1,2,1,200000,200000,6,3
s695748957.c,0,1,1,40,15,0,3,3,0,0,0,0,15,4,2,0,4,3,3,9,4
s695748957.c,1,1,1,14,5,0,1,1,0,0,0,0,5,3,0,1,1,3,3,3,2
s185227959.c,0,1,1,13,6,0,0,1,0,0,0,0,6,2,0,0,2,200000,200000,3,2
s185227959.c,1,1,1,24,12,0,0,2,0,0,0,0,12,3,1,0,3,200000,200000,5,3
s185227959.c,2,1,1,24,11,0,0,3,0,0,0,0,11,4,2,0,2,200000,200000,7,4
s185227959.c,3,1,1,25,10,0,0,2,0,0,0,0,10,3,1,2,1,200000,200000,6,3
s826441609.c,0,1,1,13,6,0,0,1,0,0,0,0,6,2,0,0,2,100,100,3,2
s826441609.c,1,1,1,23,8,2,2,2,0,0,0,0,8,3,1,2,1,100,100,6,3
s623411564.c,0,1,1,10,5,1,1,1,0,0,0,0,5,3,0,0,2,0,0,2,2
s696346754.c,0,1,1,17,8,0,0,1,0,0,0,0,8,2,0,0,3,2000000,2000000,3,2
s696346754.c,1,1,1,37,15,1,1,2,0,0,0,0,15,6,1,0,4,2000000,2000000,6,3
s696346754.c,2,1,1,64,32,0,1,5,0,0,0,0,32,6,5,0,12,2000000,2000000,14,6
s696346754.c,3,2,1,38,19,0,1,3,0,0,0,0,19,4,2,0,5,2000000,2000000,7,4
s745181465.c,0,1,1,14,6,0,0,1,0,0,0,0,6,3,0,0,2,100,100,3,2
s745181465.c,1,1,1,21,6,2,2,2,0,0,0,0,6,3,1,3,1,100,100,6,3
s168542779.c,0,1,1,16,5,0,0,1,0,0,0,0,5,3,0,2,1,0,0,2,2
s168542779.c,1,1,1,12,5,1,1,1,0,0,0,0,5,2,0,1,1,0,0,2,2
s954215458.c,0,1,1,33,11,0,3,3,0,0,0,0,11,4,2,0,3,4,4,8,4
s034198498.c,0,1,1,17,8,0,0,1,0,0,0,0,8,2,0,1,2,0,0,3,2
s034198498.c,0,1,1,46,17,0,3,4,0,0,0,0,17,5,3,3,2,0,0,9,5
s624992635.c,0,1,1,10,5,1,1,1,0,0,0,0,5,3,1,0,2,0,0,2,2
s407536966.c,0,1,1,31,14,1,2,2,0,0,0,0,14,6,1,1,6,2,2,6,3
s407536966.c,1,2,1,10,5,1,1,1,0,0,0,0,5,3,0,0,2,0,0,2,2
s379594911.c,0,1,2,26,9,1,3,3,0,0,0,0,9,4,2,2,2,11,11,7,3
s379594911.c,1,1,1,7,1,1,1,1,0,0,0,0,1,1,0,2,0,0,0,2,2
s379594911.c,2,1,1,8,1,1,1,1,0,0,0,0,1,1,0,2,0,0,0,2,2
s623368989.c,0,1,1,11,8,0,0,0,0,0,0,0,8,1,0,0,4,0,0,2,2
s876388766.c,0,1,1,93,35,0,1,1,0,3,0,0,35,30,3,1,7,180,180,10,5
s876388766.c,1,1,2,24,9,0,1,2,0,1,0,0,9,6,2,1,2,180,180,6,3
s457420413.c,0,1,1,34,9,0,3,3,0,0,0,0,9,4,2,3,1,4,4,9,4
s398401426.c,0,1,1,12,8,1,1,1,0,0,0,0,8,2,0,0,3,0,0,2,2
s085667940.c,0,1,1,24,11,0,0,1,0,0,0,0,11,4,0,0,3,100,100,3,2
s085667940.c,1,1,1,14,6,0,0,1,0,0,0,0,6,2,0,1,1,100,100,3,2
s909027335.c,0,1,1,10,5,1,1,1,0,0,0,0,5,3,1,0,2,0,0,2,2
s676129402.c,0,1,1,17,8,0,0,1,0,0,0,0,8,2,0,0,3,200000,200000,3,2
s676129402.c,1,1,1,112,47,1,4,10,0,0,0,0,47,15,9,0,11,200000,200000,24,11
s676129402.c,2,2,1,27,12,0,0,3,0,0,0,0,12,4,2,0,2,200000,200000,7,4
s676129402.c,3,1,1,14,6,0,0,1,0,0,0,0,6,2,0,1,1,200000,200000,3,2
s693486109.c,0,1,1,39,16,1,3,3,0,0,0,0,16,6,2,0,5,11,11,8,4
s874573356.c,0,1,1,13,6,0,0,1,0,0,0,0,6,2,0,0,2,100,100,3,2
s874573356.c,1,1,1,20,7,1,1,2,0,0,0,0,7,4,1,2,1,100,100,5,3
s484225530.c,0,1,1,30,13,0,0,3,0,0,0,0,13,4,2,0,2,0,0,8,4
s484225530.c,0,1,1,13,6,0,0,1,0,0,0,0,6,2,0,0,2,0,0,3,2
s093204635.c,0,1,1,13,6,0,0,1,0,0,0,0,6,2,0,0,2,200000,200000,3,2
s093204635.c,1,1,1,24,12,0,0,2,0,0,0,0,12,3,1,0,3,200000,200000,5,3
s093204635.c,2,1,1,27,12,0,0,3,0,0,0,0,12,4,2,0,2,200000,200000,7,4
s093204635.c,3,1,1,19,8,0,0,2,0,0,0,0,8,3,1,2,1,0,0,6,3
find_max_min.c,0,1,1,43,24,0,0,3,0,0,0,0,24,4,2,0,3,0,0,7,4
s723912289.c,0,1,1,42,10,0,2,3,0,0,0,0,10,5,2,4,4,12,12,9,4
s942374078.c,0,1,1,13,6,0,0,1,0,0,0,0,6,2,0,0,2,0,0,3,2
s942374078.c,1,1,1,13,5,1,1,1,0,0,0,0,5,2,0,1,1,0,0,3,2
s920781189.c,0,1,1,41,20,0,0,4,0,0,0,0,20,6,3,1,5,200001,200001,11,5
s920781189.c,1,2,1,25,12,0,0,3,0,0,0,0,12,4,2,0,2,200001,200001,7,4
s719380833.c,0,1,1,11,7,1,1,1,0,0,0,0,7,2,0,0,3,0,0,2,2
s116295609.c,0,1,1,13,8,1,1,1,0,0,0,0,8,2,0,0,3,0,0,3,2
s295025784.c,0,1,1,13,6,0,0,1,0,0,0,0,6,2,0,0,2,10000,10000,3,2
s295025784.c,1,1,1,23,8,2,2,2,0,0,0,0,8,3,1,2,1,10000,10000,6,3
s214817698.c,0,1,1,39,16,1,3,3,0,0,0,0,16,6,2,0,5,4,4,7,4
s214817698.c,1,1,1,13,5,1,1,1,0,0,0,0,5,2,0,1,1,4,4,3,2
s333461280.c,0,1,1,20,6,0,1,2,0,0,0,0,6,3,1,2,1,5,5,6,3
s216704067.c,0,1,1,13,6,0,0,1,0,0,0,0,6,2,0,0,2,0,0,3,2
s216704067.c,1,1,1,13,5,0,1,1,0,0,0,0,5,2,0,1,1,0,0,3,2
matrix_multiplication.c,0,1,1,63,28,0,3,3,0,0,0,0,28,8,2,0,7,0,0,11,4
matrix_multiplication.c,1,2,1,53,24,0,2,2,0,0,0,0,24,6,1,0,5,0,0,7,3
matrix_multiplication.c,2,3,1,35,16,0,1,1,0,0,0,0,16,4,0,0,2,0,0,3,2
s628142747.c,0,1,1,13,6,0,0,1,0,0,0,0,6,2,0,0,2,0,0,3,2
s628142747.c,1,1,1,18,6,0,1,2,0,0,0,0,6,3,1,2,1,0,0,5,3
s227627187.c,0,1,1,13,7,1,1,1,0,0,0,0,7,4,0,0,2,0,0,2,2
s227627187.c,0,1,1,85,36,2,2,6,0,0,0,0,36,13,5,2,5,5000,5000,14,7
s227627187.c,1,2,1,16,8,0,0,1,0,0,0,0,8,3,0,0,2,5000,5000,3,2
fibonacci.c,0,1,1,27,13,0,0,1,0,0,0,0,13,5,0,0,2,0,0,3,2
s396712304.c,0,1,1,13,6,0,0,1,0,0,0,0,6,2,0,0,2,200000,200000,3,2
s396712304.c,1,1,1,43,20,0,0,4,0,0,0,0,20,6,3,1,5,200000,200000,11,5
s396712304.c,2,2,1,27,12,0,0,3,0,0,0,0,12,4,2,0,2,200000,200000,7,4
s004386874.c,0,1,1,19,5,0,2,2,0,0,0,0,5,3,1,2,1,4,4,6,3
s543458724.c,0,1,1,13,6,0,0,1,0,0,0,0,6,2,0,0,2,100,100,3,2
s543458724.c,1,1,1,18,6,2,2,2,0,0,0,0,6,3,1,2,1,100,100,5,3
s397744767.c,0,1,1,13,6,0,0,1,0,0,0,0,6,2,0,0,2,100,100,3,2
s397744767.c,1,1,1,12,4,1,1,1,0,0,0,0,4,2,0,1,1,0,0,3,2
s629074861.c,0,1,2,26,15,2,2,3,0,0,0,0,15,6,2,0,4,0,0,5,3
s100664644.c,0,1,1,12,8,1,1,1,0,0,0,0,8,2,0,0,3,0,0,2,2
s002492473.c,0,1,1,19,5,0,2,2,0,0,0,0,5,3,1,2,1,4,4,6,3
s112632057.c,0,1,1,12,8,1,1,1,0,0,0,0,8,2,0,0,3,0,0,2,2
s030768203.c,0,1,1,46,16,2,4,5,0,0,0,0,16,8,4,2,5,11,11,11,6
s228509658.c,0,1,1,13,6,0,0,1,0,0,0,0,6,2,0,0,2,100,100,3,2
s228509658.c,1,1,1,23,8,2,2,2,0,0,0,0,8,3,1,2,1,100,100,6,3
loop_with_break.c,0,1,2,15,7,0,2,2,0,0,0,0,7,4,1,0,2,0,0,4,2
s705807779.c,0,1,1,69,25,2,6,6,0,0,0,0,25,11,5,0,8,11,11,16,7
product_of_array.c,0,1,1,17,9,0,0,1,0,0,0,0,9,3,0,0,2,0,0,3,2
s602061575.c,0,1,1,14,9,1,1,1,0,0,0,0,9,3,0,0,3,0,0,2,2
s118190800.c,0,1,1,13,6,0,0,1,0,0,0,0,6,2,0,0,2,10000,10000,3,2
s118190800.c,1,1,1,13,5,1,1,1,0,0,0,0,5,2,0,1,1,10000,10000,3,2
s481347517.c,0,1,1,13,6,0,0,1,0,0,0,0,6,2,0,0,2,0,0,3,2
s481347517.c,1,1,1,57,27,0,0,4,0,0,0,0,27,6,3,0,7,0,0,12,5
s481347517.c,2,2,1,36,16,0,0,3,0,0,0,0,16,4,2,0,3,0,0,8,4
s481347517.c,3,1,1,22,9,0,0,2,0,0,0,0,9,3,1,2,1,0,0,6,3
s302528621.c,0,1,2,17,8,0,2,2,0,0,0,0,8,5,1,0,3,0,0,4,2
s811060488.c,0,1,2,19,7,3,3,3,0,0,0,0,7,6,2,0,1,0,0,6,3
s245356452.c,0,1,1,11,5,1,1,1,0,0,0,0,5,4,0,0,2,0,0,2,2
s342949892.c,0,1,1,43,8,1,3,4,0,0,0,0,8,6,3,5,2,11,100,11,5
s071087666.c,0,1,1,13,6,0,0,1,0,0,0,0,6,2,0,0,2,200000,200000,3,2
s071087666.c,1,1,1,36,16,0,0,3,0,0,0,0,16,4,2,0,3,200000,200000,8,4
s071087666.c,2,1,1,22,9,0,0,2,0,0,0,0,9,3,1,2,1,200000,200000,6,3
s236506230.c,0,1,1,12,8,1,1,1,0,0,0,0,8,2,0,0,3,0,0,2,2
s827316165.c,0,1,1,22,10,2,2,3,0,0,0,0,10,6,2,0,2,0,0,6,4
